唯一键,dungeon_type,类型,dungeon_id,显示名,层级/难度,子类型,怪物等级,Prefab/结构ID,补充参数,来源
0:0,0,主城,0,主城,,,,,非副本场景,src/include/dungeon.hrl:108
1:10101,1,主线/小秘境,10101,小秘境 1-1,1,,1,10101,chapter_id=1; monster_strength_level=1,src/conf/conf_dungeon_inners_level.erl:37
1:10102,1,主线/小秘境,10102,小秘境 1-2,2,,2,10102,chapter_id=1; monster_strength_level=2,src/conf/conf_dungeon_inners_level.erl:47
1:10103,1,主线/小秘境,10103,小秘境 1-3,3,,3,10103,chapter_id=1; monster_strength_level=3,src/conf/conf_dungeon_inners_level.erl:57
1:10104,1,主线/小秘境,10104,小秘境 1-4,4,,3,10104,chapter_id=1; monster_strength_level=4,src/conf/conf_dungeon_inners_level.erl:67
1:10105,1,主线/小秘境,10105,小秘境 1-5,5,,4,10105,chapter_id=1; monster_strength_level=5,src/conf/conf_dungeon_inners_level.erl:77
1:10106,1,主线/小秘境,10106,小秘境 1-6,6,,5,10106,chapter_id=1; monster_strength_level=6,src/conf/conf_dungeon_inners_level.erl:87
1:10107,1,主线/小秘境,10107,小秘境 1-7,7,,6,10107,chapter_id=1; monster_strength_level=7,src/conf/conf_dungeon_inners_level.erl:97
1:10108,1,主线/小秘境,10108,小秘境 1-8,8,,7,10108,chapter_id=1; monster_strength_level=8,src/conf/conf_dungeon_inners_level.erl:107
1:10109,1,主线/小秘境,10109,小秘境 1-9,9,,8,10109,chapter_id=1; monster_strength_level=9,src/conf/conf_dungeon_inners_level.erl:117
1:10110,1,主线/小秘境,10110,小秘境 1-10,10,,8,10110,chapter_id=1; monster_strength_level=10,src/conf/conf_dungeon_inners_level.erl:127
1:10111,1,主线/小秘境,10111,小秘境 1-11,11,,9,10111,chapter_id=1; monster_strength_level=11,src/conf/conf_dungeon_inners_level.erl:137
1:10112,1,主线/小秘境,10112,小秘境 1-12,12,,10,10112,chapter_id=1; monster_strength_level=12,src/conf/conf_dungeon_inners_level.erl:147
1:10113,1,主线/小秘境,10113,小秘境 1-13,13,,11,10113,chapter_id=1; monster_strength_level=13,src/conf/conf_dungeon_inners_level.erl:157
1:10114,1,主线/小秘境,10114,小秘境 1-14,14,,11,10114,chapter_id=1; monster_strength_level=14,src/conf/conf_dungeon_inners_level.erl:167
1:10115,1,主线/小秘境,10115,小秘境 1-15,15,,12,10115,chapter_id=1; monster_strength_level=15,src/conf/conf_dungeon_inners_level.erl:177
1:10201,1,主线/小秘境,10201,小秘境 2-1,16,,13,10201,chapter_id=2; monster_strength_level=16,src/conf/conf_dungeon_inners_level.erl:187
1:10202,1,主线/小秘境,10202,小秘境 2-2,17,,13,10202,chapter_id=2; monster_strength_level=17,src/conf/conf_dungeon_inners_level.erl:197
1:10203,1,主线/小秘境,10203,小秘境 2-3,18,,14,10203,chapter_id=2; monster_strength_level=18,src/conf/conf_dungeon_inners_level.erl:207
1:10204,1,主线/小秘境,10204,小秘境 2-4,19,,15,10204,chapter_id=2; monster_strength_level=19,src/conf/conf_dungeon_inners_level.erl:217
1:10205,1,主线/小秘境,10205,小秘境 2-5,20,,15,10205,chapter_id=2; monster_strength_level=20,src/conf/conf_dungeon_inners_level.erl:227
1:10206,1,主线/小秘境,10206,小秘境 2-6,21,,16,10206,chapter_id=2; monster_strength_level=21,src/conf/conf_dungeon_inners_level.erl:237
1:10207,1,主线/小秘境,10207,小秘境 2-7,22,,17,10207,chapter_id=2; monster_strength_level=22,src/conf/conf_dungeon_inners_level.erl:247
1:10208,1,主线/小秘境,10208,小秘境 2-8,23,,17,10208,chapter_id=2; monster_strength_level=23,src/conf/conf_dungeon_inners_level.erl:257
1:10209,1,主线/小秘境,10209,小秘境 2-9,24,,18,10209,chapter_id=2; monster_strength_level=24,src/conf/conf_dungeon_inners_level.erl:267
1:10210,1,主线/小秘境,10210,小秘境 2-10,25,,18,10210,chapter_id=2; monster_strength_level=25,src/conf/conf_dungeon_inners_level.erl:277
1:10211,1,主线/小秘境,10211,小秘境 2-11,26,,19,10211,chapter_id=2; monster_strength_level=26,src/conf/conf_dungeon_inners_level.erl:287
1:10212,1,主线/小秘境,10212,小秘境 2-12,27,,20,10212,chapter_id=2; monster_strength_level=27,src/conf/conf_dungeon_inners_level.erl:297
1:10213,1,主线/小秘境,10213,小秘境 2-13,28,,20,10213,chapter_id=2; monster_strength_level=28,src/conf/conf_dungeon_inners_level.erl:307
1:10214,1,主线/小秘境,10214,小秘境 2-14,29,,21,10214,chapter_id=2; monster_strength_level=29,src/conf/conf_dungeon_inners_level.erl:317
1:10215,1,主线/小秘境,10215,小秘境 2-15,30,,21,10215,chapter_id=2; monster_strength_level=30,src/conf/conf_dungeon_inners_level.erl:327
1:10216,1,主线/小秘境,10216,小秘境 2-16,31,,22,10216,chapter_id=2; monster_strength_level=31,src/conf/conf_dungeon_inners_level.erl:337
1:10217,1,主线/小秘境,10217,小秘境 2-17,32,,22,10217,chapter_id=2; monster_strength_level=32,src/conf/conf_dungeon_inners_level.erl:347
1:10218,1,主线/小秘境,10218,小秘境 2-18,33,,23,10218,chapter_id=2; monster_strength_level=33,src/conf/conf_dungeon_inners_level.erl:357
1:10219,1,主线/小秘境,10219,小秘境 2-19,34,,24,10219,chapter_id=2; monster_strength_level=34,src/conf/conf_dungeon_inners_level.erl:367
1:10220,1,主线/小秘境,10220,小秘境 2-20,35,,24,10220,chapter_id=2; monster_strength_level=35,src/conf/conf_dungeon_inners_level.erl:377
1:10221,1,主线/小秘境,10221,小秘境 2-21,36,,25,10221,chapter_id=2; monster_strength_level=36,src/conf/conf_dungeon_inners_level.erl:387
1:10222,1,主线/小秘境,10222,小秘境 2-22,37,,25,10222,chapter_id=2; monster_strength_level=37,src/conf/conf_dungeon_inners_level.erl:397
1:10223,1,主线/小秘境,10223,小秘境 2-23,38,,26,10223,chapter_id=2; monster_strength_level=38,src/conf/conf_dungeon_inners_level.erl:407
1:10224,1,主线/小秘境,10224,小秘境 2-24,39,,27,10224,chapter_id=2; monster_strength_level=39,src/conf/conf_dungeon_inners_level.erl:417
1:10225,1,主线/小秘境,10225,小秘境 2-25,40,,27,10225,chapter_id=2; monster_strength_level=40,src/conf/conf_dungeon_inners_level.erl:427
1:10226,1,主线/小秘境,10226,小秘境 2-26,41,,28,10226,chapter_id=2; monster_strength_level=41,src/conf/conf_dungeon_inners_level.erl:437
1:10227,1,主线/小秘境,10227,小秘境 2-27,42,,29,10227,chapter_id=2; monster_strength_level=42,src/conf/conf_dungeon_inners_level.erl:447
1:10228,1,主线/小秘境,10228,小秘境 2-28,43,,29,10228,chapter_id=2; monster_strength_level=43,src/conf/conf_dungeon_inners_level.erl:457
1:10229,1,主线/小秘境,10229,小秘境 2-29,44,,30,10229,chapter_id=2; monster_strength_level=44,src/conf/conf_dungeon_inners_level.erl:467
1:10230,1,主线/小秘境,10230,小秘境 2-30,45,,31,10230,chapter_id=2; monster_strength_level=45,src/conf/conf_dungeon_inners_level.erl:477
1:10301,1,主线/小秘境,10301,小秘境 3-1,46,,32,10101,chapter_id=3; monster_strength_level=46,src/conf/conf_dungeon_inners_level.erl:487
1:10302,1,主线/小秘境,10302,小秘境 3-2,47,,32,10101,chapter_id=3; monster_strength_level=47,src/conf/conf_dungeon_inners_level.erl:497
1:10303,1,主线/小秘境,10303,小秘境 3-3,48,,33,10101,chapter_id=3; monster_strength_level=48,src/conf/conf_dungeon_inners_level.erl:507
1:10304,1,主线/小秘境,10304,小秘境 3-4,49,,34,10101,chapter_id=3; monster_strength_level=49,src/conf/conf_dungeon_inners_level.erl:517
1:10305,1,主线/小秘境,10305,小秘境 3-5,50,,35,10101,chapter_id=3; monster_strength_level=50,src/conf/conf_dungeon_inners_level.erl:527
1:10306,1,主线/小秘境,10306,小秘境 3-6,51,,35,10101,chapter_id=3; monster_strength_level=51,src/conf/conf_dungeon_inners_level.erl:537
1:10307,1,主线/小秘境,10307,小秘境 3-7,52,,36,10101,chapter_id=3; monster_strength_level=52,src/conf/conf_dungeon_inners_level.erl:547
1:10308,1,主线/小秘境,10308,小秘境 3-8,53,,37,10101,chapter_id=3; monster_strength_level=53,src/conf/conf_dungeon_inners_level.erl:557
1:10309,1,主线/小秘境,10309,小秘境 3-9,54,,37,10101,chapter_id=3; monster_strength_level=54,src/conf/conf_dungeon_inners_level.erl:567
1:10310,1,主线/小秘境,10310,小秘境 3-10,55,,38,10101,chapter_id=3; monster_strength_level=55,src/conf/conf_dungeon_inners_level.erl:577
1:10311,1,主线/小秘境,10311,小秘境 3-11,56,,39,10101,chapter_id=3; monster_strength_level=56,src/conf/conf_dungeon_inners_level.erl:587
1:10312,1,主线/小秘境,10312,小秘境 3-12,57,,39,10101,chapter_id=3; monster_strength_level=57,src/conf/conf_dungeon_inners_level.erl:597
1:10313,1,主线/小秘境,10313,小秘境 3-13,58,,40,10101,chapter_id=3; monster_strength_level=58,src/conf/conf_dungeon_inners_level.erl:607
1:10314,1,主线/小秘境,10314,小秘境 3-14,59,,41,10101,chapter_id=3; monster_strength_level=59,src/conf/conf_dungeon_inners_level.erl:617
1:10315,1,主线/小秘境,10315,小秘境 3-15,60,,41,10101,chapter_id=3; monster_strength_level=60,src/conf/conf_dungeon_inners_level.erl:627
1:10316,1,主线/小秘境,10316,小秘境 3-16,61,,42,10101,chapter_id=3; monster_strength_level=61,src/conf/conf_dungeon_inners_level.erl:637
1:10317,1,主线/小秘境,10317,小秘境 3-17,62,,42,10101,chapter_id=3; monster_strength_level=62,src/conf/conf_dungeon_inners_level.erl:647
1:10318,1,主线/小秘境,10318,小秘境 3-18,63,,43,10101,chapter_id=3; monster_strength_level=63,src/conf/conf_dungeon_inners_level.erl:657
1:10319,1,主线/小秘境,10319,小秘境 3-19,64,,43,10101,chapter_id=3; monster_strength_level=64,src/conf/conf_dungeon_inners_level.erl:667
1:10320,1,主线/小秘境,10320,小秘境 3-20,65,,44,10101,chapter_id=3; monster_strength_level=65,src/conf/conf_dungeon_inners_level.erl:677
1:10321,1,主线/小秘境,10321,小秘境 3-21,66,,45,10101,chapter_id=3; monster_strength_level=66,src/conf/conf_dungeon_inners_level.erl:687
1:10322,1,主线/小秘境,10322,小秘境 3-22,67,,45,10101,chapter_id=3; monster_strength_level=67,src/conf/conf_dungeon_inners_level.erl:697
1:10323,1,主线/小秘境,10323,小秘境 3-23,68,,46,10101,chapter_id=3; monster_strength_level=68,src/conf/conf_dungeon_inners_level.erl:707
1:10324,1,主线/小秘境,10324,小秘境 3-24,69,,46,10101,chapter_id=3; monster_strength_level=69,src/conf/conf_dungeon_inners_level.erl:717
1:10325,1,主线/小秘境,10325,小秘境 3-25,70,,47,10101,chapter_id=3; monster_strength_level=70,src/conf/conf_dungeon_inners_level.erl:727
1:10326,1,主线/小秘境,10326,小秘境 3-26,71,,47,10101,chapter_id=3; monster_strength_level=71,src/conf/conf_dungeon_inners_level.erl:737
1:10327,1,主线/小秘境,10327,小秘境 3-27,72,,48,10101,chapter_id=3; monster_strength_level=72,src/conf/conf_dungeon_inners_level.erl:747
1:10328,1,主线/小秘境,10328,小秘境 3-28,73,,48,10101,chapter_id=3; monster_strength_level=73,src/conf/conf_dungeon_inners_level.erl:757
1:10329,1,主线/小秘境,10329,小秘境 3-29,74,,49,10101,chapter_id=3; monster_strength_level=74,src/conf/conf_dungeon_inners_level.erl:767
1:10330,1,主线/小秘境,10330,小秘境 3-30,75,,49,10101,chapter_id=3; monster_strength_level=75,src/conf/conf_dungeon_inners_level.erl:777
1:10331,1,主线/小秘境,10331,小秘境 3-31,76,,49,10101,chapter_id=3; monster_strength_level=76,src/conf/conf_dungeon_inners_level.erl:787
1:10332,1,主线/小秘境,10332,小秘境 3-32,77,,50,10101,chapter_id=3; monster_strength_level=77,src/conf/conf_dungeon_inners_level.erl:797
1:10333,1,主线/小秘境,10333,小秘境 3-33,78,,50,10101,chapter_id=3; monster_strength_level=78,src/conf/conf_dungeon_inners_level.erl:807
1:10334,1,主线/小秘境,10334,小秘境 3-34,79,,51,10101,chapter_id=3; monster_strength_level=79,src/conf/conf_dungeon_inners_level.erl:817
1:10335,1,主线/小秘境,10335,小秘境 3-35,80,,51,10101,chapter_id=3; monster_strength_level=80,src/conf/conf_dungeon_inners_level.erl:827
1:10336,1,主线/小秘境,10336,小秘境 3-36,81,,52,10101,chapter_id=3; monster_strength_level=81,src/conf/conf_dungeon_inners_level.erl:837
1:10337,1,主线/小秘境,10337,小秘境 3-37,82,,52,10101,chapter_id=3; monster_strength_level=82,src/conf/conf_dungeon_inners_level.erl:847
1:10338,1,主线/小秘境,10338,小秘境 3-38,83,,53,10101,chapter_id=3; monster_strength_level=83,src/conf/conf_dungeon_inners_level.erl:857
1:10339,1,主线/小秘境,10339,小秘境 3-39,84,,53,10101,chapter_id=3; monster_strength_level=84,src/conf/conf_dungeon_inners_level.erl:867
1:10340,1,主线/小秘境,10340,小秘境 3-40,85,,53,10101,chapter_id=3; monster_strength_level=85,src/conf/conf_dungeon_inners_level.erl:877
1:10401,1,主线/小秘境,10401,小秘境 4-1,86,,54,10101,chapter_id=4; monster_strength_level=86,src/conf/conf_dungeon_inners_level.erl:887
1:10402,1,主线/小秘境,10402,小秘境 4-2,87,,54,10101,chapter_id=4; monster_strength_level=87,src/conf/conf_dungeon_inners_level.erl:897
1:10403,1,主线/小秘境,10403,小秘境 4-3,88,,55,10101,chapter_id=4; monster_strength_level=88,src/conf/conf_dungeon_inners_level.erl:907
1:10404,1,主线/小秘境,10404,小秘境 4-4,89,,55,10101,chapter_id=4; monster_strength_level=89,src/conf/conf_dungeon_inners_level.erl:917
1:10405,1,主线/小秘境,10405,小秘境 4-5,90,,55,10101,chapter_id=4; monster_strength_level=90,src/conf/conf_dungeon_inners_level.erl:927
1:10406,1,主线/小秘境,10406,小秘境 4-6,91,,56,10101,chapter_id=4; monster_strength_level=91,src/conf/conf_dungeon_inners_level.erl:937
1:10407,1,主线/小秘境,10407,小秘境 4-7,92,,56,10101,chapter_id=4; monster_strength_level=92,src/conf/conf_dungeon_inners_level.erl:947
1:10408,1,主线/小秘境,10408,小秘境 4-8,93,,57,10101,chapter_id=4; monster_strength_level=93,src/conf/conf_dungeon_inners_level.erl:957
1:10409,1,主线/小秘境,10409,小秘境 4-9,94,,57,10101,chapter_id=4; monster_strength_level=94,src/conf/conf_dungeon_inners_level.erl:967
1:10410,1,主线/小秘境,10410,小秘境 4-10,95,,57,10101,chapter_id=4; monster_strength_level=95,src/conf/conf_dungeon_inners_level.erl:977
1:10411,1,主线/小秘境,10411,小秘境 4-11,96,,58,10101,chapter_id=4; monster_strength_level=96,src/conf/conf_dungeon_inners_level.erl:987
1:10412,1,主线/小秘境,10412,小秘境 4-12,97,,58,10101,chapter_id=4; monster_strength_level=97,src/conf/conf_dungeon_inners_level.erl:997
1:10413,1,主线/小秘境,10413,小秘境 4-13,98,,58,10101,chapter_id=4; monster_strength_level=98,src/conf/conf_dungeon_inners_level.erl:1007
1:10414,1,主线/小秘境,10414,小秘境 4-14,99,,59,10101,chapter_id=4; monster_strength_level=99,src/conf/conf_dungeon_inners_level.erl:1017
1:10415,1,主线/小秘境,10415,小秘境 4-15,100,,59,10101,chapter_id=4; monster_strength_level=100,src/conf/conf_dungeon_inners_level.erl:1027
1:10416,1,主线/小秘境,10416,小秘境 4-16,101,,59,10101,chapter_id=4; monster_strength_level=101,src/conf/conf_dungeon_inners_level.erl:1037
1:10417,1,主线/小秘境,10417,小秘境 4-17,102,,60,10101,chapter_id=4; monster_strength_level=102,src/conf/conf_dungeon_inners_level.erl:1047
1:10418,1,主线/小秘境,10418,小秘境 4-18,103,,60,10101,chapter_id=4; monster_strength_level=103,src/conf/conf_dungeon_inners_level.erl:1057
1:10419,1,主线/小秘境,10419,小秘境 4-19,104,,61,10101,chapter_id=4; monster_strength_level=104,src/conf/conf_dungeon_inners_level.erl:1067
1:10420,1,主线/小秘境,10420,小秘境 4-20,105,,61,10101,chapter_id=4; monster_strength_level=105,src/conf/conf_dungeon_inners_level.erl:1077
1:10421,1,主线/小秘境,10421,小秘境 4-21,106,,61,10101,chapter_id=4; monster_strength_level=106,src/conf/conf_dungeon_inners_level.erl:1087
1:10422,1,主线/小秘境,10422,小秘境 4-22,107,,62,10101,chapter_id=4; monster_strength_level=107,src/conf/conf_dungeon_inners_level.erl:1097
1:10423,1,主线/小秘境,10423,小秘境 4-23,108,,62,10101,chapter_id=4; monster_strength_level=108,src/conf/conf_dungeon_inners_level.erl:1107
1:10424,1,主线/小秘境,10424,小秘境 4-24,109,,62,10101,chapter_id=4; monster_strength_level=109,src/conf/conf_dungeon_inners_level.erl:1117
1:10425,1,主线/小秘境,10425,小秘境 4-25,110,,63,10101,chapter_id=4; monster_strength_level=110,src/conf/conf_dungeon_inners_level.erl:1127
1:10426,1,主线/小秘境,10426,小秘境 4-26,111,,63,10101,chapter_id=4; monster_strength_level=111,src/conf/conf_dungeon_inners_level.erl:1137
1:10427,1,主线/小秘境,10427,小秘境 4-27,112,,63,10101,chapter_id=4; monster_strength_level=112,src/conf/conf_dungeon_inners_level.erl:1147
1:10428,1,主线/小秘境,10428,小秘境 4-28,113,,64,10101,chapter_id=4; monster_strength_level=113,src/conf/conf_dungeon_inners_level.erl:1157
1:10429,1,主线/小秘境,10429,小秘境 4-29,114,,64,10101,chapter_id=4; monster_strength_level=114,src/conf/conf_dungeon_inners_level.erl:1167
1:10430,1,主线/小秘境,10430,小秘境 4-30,115,,64,10101,chapter_id=4; monster_strength_level=115,src/conf/conf_dungeon_inners_level.erl:1177
1:10431,1,主线/小秘境,10431,小秘境 4-31,116,,65,10101,chapter_id=4; monster_strength_level=116,src/conf/conf_dungeon_inners_level.erl:1187
1:10432,1,主线/小秘境,10432,小秘境 4-32,117,,65,10101,chapter_id=4; monster_strength_level=117,src/conf/conf_dungeon_inners_level.erl:1197
1:10433,1,主线/小秘境,10433,小秘境 4-33,118,,65,10101,chapter_id=4; monster_strength_level=118,src/conf/conf_dungeon_inners_level.erl:1207
1:10434,1,主线/小秘境,10434,小秘境 4-34,119,,65,10101,chapter_id=4; monster_strength_level=119,src/conf/conf_dungeon_inners_level.erl:1217
1:10435,1,主线/小秘境,10435,小秘境 4-35,120,,66,10101,chapter_id=4; monster_strength_level=120,src/conf/conf_dungeon_inners_level.erl:1227
1:10436,1,主线/小秘境,10436,小秘境 4-36,121,,66,10101,chapter_id=4; monster_strength_level=121,src/conf/conf_dungeon_inners_level.erl:1237
1:10437,1,主线/小秘境,10437,小秘境 4-37,122,,66,10101,chapter_id=4; monster_strength_level=122,src/conf/conf_dungeon_inners_level.erl:1247
1:10438,1,主线/小秘境,10438,小秘境 4-38,123,,67,10101,chapter_id=4; monster_strength_level=123,src/conf/conf_dungeon_inners_level.erl:1257
1:10439,1,主线/小秘境,10439,小秘境 4-39,124,,67,10101,chapter_id=4; monster_strength_level=124,src/conf/conf_dungeon_inners_level.erl:1267
1:10440,1,主线/小秘境,10440,小秘境 4-40,125,,67,10101,chapter_id=4; monster_strength_level=125,src/conf/conf_dungeon_inners_level.erl:1277
1:10501,1,主线/小秘境,10501,小秘境 5-1,126,,68,10101,chapter_id=5; monster_strength_level=126,src/conf/conf_dungeon_inners_level.erl:1287
1:10502,1,主线/小秘境,10502,小秘境 5-2,127,,68,10101,chapter_id=5; monster_strength_level=127,src/conf/conf_dungeon_inners_level.erl:1297
1:10503,1,主线/小秘境,10503,小秘境 5-3,128,,68,10101,chapter_id=5; monster_strength_level=128,src/conf/conf_dungeon_inners_level.erl:1307
1:10504,1,主线/小秘境,10504,小秘境 5-4,129,,69,10101,chapter_id=5; monster_strength_level=129,src/conf/conf_dungeon_inners_level.erl:1317
1:10505,1,主线/小秘境,10505,小秘境 5-5,130,,69,10101,chapter_id=5; monster_strength_level=130,src/conf/conf_dungeon_inners_level.erl:1327
1:10506,1,主线/小秘境,10506,小秘境 5-6,131,,69,10101,chapter_id=5; monster_strength_level=131,src/conf/conf_dungeon_inners_level.erl:1337
1:10507,1,主线/小秘境,10507,小秘境 5-7,132,,70,10101,chapter_id=5; monster_strength_level=132,src/conf/conf_dungeon_inners_level.erl:1347
1:10508,1,主线/小秘境,10508,小秘境 5-8,133,,70,10101,chapter_id=5; monster_strength_level=133,src/conf/conf_dungeon_inners_level.erl:1357
1:10509,1,主线/小秘境,10509,小秘境 5-9,134,,71,10101,chapter_id=5; monster_strength_level=134,src/conf/conf_dungeon_inners_level.erl:1367
1:10510,1,主线/小秘境,10510,小秘境 5-10,135,,71,10101,chapter_id=5; monster_strength_level=135,src/conf/conf_dungeon_inners_level.erl:1377
1:10511,1,主线/小秘境,10511,小秘境 5-11,136,,71,10101,chapter_id=5; monster_strength_level=136,src/conf/conf_dungeon_inners_level.erl:1387
1:10512,1,主线/小秘境,10512,小秘境 5-12,137,,72,10101,chapter_id=5; monster_strength_level=137,src/conf/conf_dungeon_inners_level.erl:1397
1:10513,1,主线/小秘境,10513,小秘境 5-13,138,,72,10101,chapter_id=5; monster_strength_level=138,src/conf/conf_dungeon_inners_level.erl:1407
1:10514,1,主线/小秘境,10514,小秘境 5-14,139,,73,10101,chapter_id=5; monster_strength_level=139,src/conf/conf_dungeon_inners_level.erl:1417
1:10515,1,主线/小秘境,10515,小秘境 5-15,140,,73,10101,chapter_id=5; monster_strength_level=140,src/conf/conf_dungeon_inners_level.erl:1427
1:10516,1,主线/小秘境,10516,小秘境 5-16,141,,73,10101,chapter_id=5; monster_strength_level=141,src/conf/conf_dungeon_inners_level.erl:1437
1:10517,1,主线/小秘境,10517,小秘境 5-17,142,,74,10101,chapter_id=5; monster_strength_level=142,src/conf/conf_dungeon_inners_level.erl:1447
1:10518,1,主线/小秘境,10518,小秘境 5-18,143,,74,10101,chapter_id=5; monster_strength_level=143,src/conf/conf_dungeon_inners_level.erl:1457
1:10519,1,主线/小秘境,10519,小秘境 5-19,144,,75,10101,chapter_id=5; monster_strength_level=144,src/conf/conf_dungeon_inners_level.erl:1467
1:10520,1,主线/小秘境,10520,小秘境 5-20,145,,75,10101,chapter_id=5; monster_strength_level=145,src/conf/conf_dungeon_inners_level.erl:1477
1:10521,1,主线/小秘境,10521,小秘境 5-21,146,,75,10101,chapter_id=5; monster_strength_level=146,src/conf/conf_dungeon_inners_level.erl:1487
1:10522,1,主线/小秘境,10522,小秘境 5-22,147,,76,10101,chapter_id=5; monster_strength_level=147,src/conf/conf_dungeon_inners_level.erl:1497
1:10523,1,主线/小秘境,10523,小秘境 5-23,148,,76,10101,chapter_id=5; monster_strength_level=148,src/conf/conf_dungeon_inners_level.erl:1507
1:10524,1,主线/小秘境,10524,小秘境 5-24,149,,77,10101,chapter_id=5; monster_strength_level=149,src/conf/conf_dungeon_inners_level.erl:1517
1:10525,1,主线/小秘境,10525,小秘境 5-25,150,,77,10101,chapter_id=5; monster_strength_level=150,src/conf/conf_dungeon_inners_level.erl:1527
1:10526,1,主线/小秘境,10526,小秘境 5-26,151,,77,10101,chapter_id=5; monster_strength_level=151,src/conf/conf_dungeon_inners_level.erl:1537
1:10527,1,主线/小秘境,10527,小秘境 5-27,152,,78,10101,chapter_id=5; monster_strength_level=152,src/conf/conf_dungeon_inners_level.erl:1547
1:10528,1,主线/小秘境,10528,小秘境 5-28,153,,78,10101,chapter_id=5; monster_strength_level=153,src/conf/conf_dungeon_inners_level.erl:1557
1:10529,1,主线/小秘境,10529,小秘境 5-29,154,,79,10101,chapter_id=5; monster_strength_level=154,src/conf/conf_dungeon_inners_level.erl:1567
1:10530,1,主线/小秘境,10530,小秘境 5-30,155,,79,10101,chapter_id=5; monster_strength_level=155,src/conf/conf_dungeon_inners_level.erl:1577
1:10531,1,主线/小秘境,10531,小秘境 5-31,156,,80,10101,chapter_id=5; monster_strength_level=156,src/conf/conf_dungeon_inners_level.erl:1587
1:10532,1,主线/小秘境,10532,小秘境 5-32,157,,80,10101,chapter_id=5; monster_strength_level=157,src/conf/conf_dungeon_inners_level.erl:1597
1:10533,1,主线/小秘境,10533,小秘境 5-33,158,,80,10101,chapter_id=5; monster_strength_level=158,src/conf/conf_dungeon_inners_level.erl:1607
1:10534,1,主线/小秘境,10534,小秘境 5-34,159,,81,10101,chapter_id=5; monster_strength_level=159,src/conf/conf_dungeon_inners_level.erl:1617
1:10535,1,主线/小秘境,10535,小秘境 5-35,160,,81,10101,chapter_id=5; monster_strength_level=160,src/conf/conf_dungeon_inners_level.erl:1627
1:10536,1,主线/小秘境,10536,小秘境 5-36,161,,82,10101,chapter_id=5; monster_strength_level=161,src/conf/conf_dungeon_inners_level.erl:1637
1:10537,1,主线/小秘境,10537,小秘境 5-37,162,,82,10101,chapter_id=5; monster_strength_level=162,src/conf/conf_dungeon_inners_level.erl:1647
1:10538,1,主线/小秘境,10538,小秘境 5-38,163,,83,10101,chapter_id=5; monster_strength_level=163,src/conf/conf_dungeon_inners_level.erl:1657
1:10539,1,主线/小秘境,10539,小秘境 5-39,164,,83,10101,chapter_id=5; monster_strength_level=164,src/conf/conf_dungeon_inners_level.erl:1667
1:10540,1,主线/小秘境,10540,小秘境 5-40,165,,84,10101,chapter_id=5; monster_strength_level=165,src/conf/conf_dungeon_inners_level.erl:1677
1:10541,1,主线/小秘境,10541,小秘境 5-41,166,,84,10101,chapter_id=5; monster_strength_level=166,src/conf/conf_dungeon_inners_level.erl:1687
1:10542,1,主线/小秘境,10542,小秘境 5-42,167,,85,10101,chapter_id=5; monster_strength_level=167,src/conf/conf_dungeon_inners_level.erl:1697
1:10543,1,主线/小秘境,10543,小秘境 5-43,168,,85,10101,chapter_id=5; monster_strength_level=168,src/conf/conf_dungeon_inners_level.erl:1707
1:10544,1,主线/小秘境,10544,小秘境 5-44,169,,86,10101,chapter_id=5; monster_strength_level=169,src/conf/conf_dungeon_inners_level.erl:1717
1:10545,1,主线/小秘境,10545,小秘境 5-45,170,,86,10101,chapter_id=5; monster_strength_level=170,src/conf/conf_dungeon_inners_level.erl:1727
1:10546,1,主线/小秘境,10546,小秘境 5-46,171,,87,10101,chapter_id=5; monster_strength_level=171,src/conf/conf_dungeon_inners_level.erl:1737
1:10547,1,主线/小秘境,10547,小秘境 5-47,172,,87,10101,chapter_id=5; monster_strength_level=172,src/conf/conf_dungeon_inners_level.erl:1747
1:10548,1,主线/小秘境,10548,小秘境 5-48,173,,88,10101,chapter_id=5; monster_strength_level=173,src/conf/conf_dungeon_inners_level.erl:1757
1:10549,1,主线/小秘境,10549,小秘境 5-49,174,,88,10101,chapter_id=5; monster_strength_level=174,src/conf/conf_dungeon_inners_level.erl:1767
1:10550,1,主线/小秘境,10550,小秘境 5-50,175,,89,10101,chapter_id=5; monster_strength_level=175,src/conf/conf_dungeon_inners_level.erl:1777
2:1,2,大秘境,1,大秘境 第1层,1,,8,500004,time_limit=60; monster_strength_level=1,src/conf/conf_great_rift_level.erl:37
2:2,2,大秘境,2,大秘境 第2层,2,,9,500004,time_limit=60; monster_strength_level=2,src/conf/conf_great_rift_level.erl:58
2:3,2,大秘境,3,大秘境 第3层,3,,10,500004,time_limit=60; monster_strength_level=3,src/conf/conf_great_rift_level.erl:79
2:4,2,大秘境,4,大秘境 第4层,4,,11,500004,time_limit=60; monster_strength_level=4,src/conf/conf_great_rift_level.erl:100
2:5,2,大秘境,5,大秘境 第5层,5,,20,500004,time_limit=60; monster_strength_level=5,src/conf/conf_great_rift_level.erl:121
2:6,2,大秘境,6,大秘境 第6层,6,,20,500004,time_limit=60; monster_strength_level=6,src/conf/conf_great_rift_level.erl:142
2:7,2,大秘境,7,大秘境 第7层,7,,21,500004,time_limit=60; monster_strength_level=7,src/conf/conf_great_rift_level.erl:163
2:8,2,大秘境,8,大秘境 第8层,8,,21,500004,time_limit=60; monster_strength_level=8,src/conf/conf_great_rift_level.erl:184
2:9,2,大秘境,9,大秘境 第9层,9,,22,500004,time_limit=60; monster_strength_level=9,src/conf/conf_great_rift_level.erl:205
2:10,2,大秘境,10,大秘境 第10层,10,,24,500004,time_limit=60; monster_strength_level=10,src/conf/conf_great_rift_level.erl:226
2:11,2,大秘境,11,大秘境 第11层,11,,25,500004,time_limit=60; monster_strength_level=11,src/conf/conf_great_rift_level.erl:247
2:12,2,大秘境,12,大秘境 第12层,12,,25,500004,time_limit=60; monster_strength_level=12,src/conf/conf_great_rift_level.erl:268
2:13,2,大秘境,13,大秘境 第13层,13,,26,500004,time_limit=60; monster_strength_level=13,src/conf/conf_great_rift_level.erl:289
2:14,2,大秘境,14,大秘境 第14层,14,,27,500004,time_limit=60; monster_strength_level=14,src/conf/conf_great_rift_level.erl:310
2:15,2,大秘境,15,大秘境 第15层,15,,27,500004,time_limit=60; monster_strength_level=15,src/conf/conf_great_rift_level.erl:331
2:16,2,大秘境,16,大秘境 第16层,16,,28,500004,time_limit=60; monster_strength_level=16,src/conf/conf_great_rift_level.erl:352
2:17,2,大秘境,17,大秘境 第17层,17,,29,500004,time_limit=60; monster_strength_level=17,src/conf/conf_great_rift_level.erl:373
2:18,2,大秘境,18,大秘境 第18层,18,,29,500004,time_limit=60; monster_strength_level=18,src/conf/conf_great_rift_level.erl:394
2:19,2,大秘境,19,大秘境 第19层,19,,30,500004,time_limit=60; monster_strength_level=19,src/conf/conf_great_rift_level.erl:415
2:20,2,大秘境,20,大秘境 第20层,20,,31,500004,time_limit=60; monster_strength_level=20,src/conf/conf_great_rift_level.erl:436
2:21,2,大秘境,21,大秘境 第21层,21,,32,500004,time_limit=60; monster_strength_level=21,src/conf/conf_great_rift_level.erl:457
2:22,2,大秘境,22,大秘境 第22层,22,,32,500004,time_limit=60; monster_strength_level=22,src/conf/conf_great_rift_level.erl:478
2:23,2,大秘境,23,大秘境 第23层,23,,33,500004,time_limit=60; monster_strength_level=23,src/conf/conf_great_rift_level.erl:499
2:24,2,大秘境,24,大秘境 第24层,24,,34,500004,time_limit=60; monster_strength_level=24,src/conf/conf_great_rift_level.erl:520
2:25,2,大秘境,25,大秘境 第25层,25,,35,500004,time_limit=60; monster_strength_level=25,src/conf/conf_great_rift_level.erl:541
2:26,2,大秘境,26,大秘境 第26层,26,,35,500004,time_limit=60; monster_strength_level=26,src/conf/conf_great_rift_level.erl:562
2:27,2,大秘境,27,大秘境 第27层,27,,36,500004,time_limit=60; monster_strength_level=27,src/conf/conf_great_rift_level.erl:583
2:28,2,大秘境,28,大秘境 第28层,28,,37,500004,time_limit=60; monster_strength_level=28,src/conf/conf_great_rift_level.erl:604
2:29,2,大秘境,29,大秘境 第29层,29,,37,500004,time_limit=60; monster_strength_level=29,src/conf/conf_great_rift_level.erl:625
2:30,2,大秘境,30,大秘境 第30层,30,,38,500004,time_limit=60; monster_strength_level=30,src/conf/conf_great_rift_level.erl:646
2:31,2,大秘境,31,大秘境 第31层,31,,39,500004,time_limit=60; monster_strength_level=31,src/conf/conf_great_rift_level.erl:667
2:32,2,大秘境,32,大秘境 第32层,32,,39,500004,time_limit=60; monster_strength_level=32,src/conf/conf_great_rift_level.erl:688
2:33,2,大秘境,33,大秘境 第33层,33,,40,500004,time_limit=60; monster_strength_level=33,src/conf/conf_great_rift_level.erl:709
2:34,2,大秘境,34,大秘境 第34层,34,,41,500004,time_limit=60; monster_strength_level=34,src/conf/conf_great_rift_level.erl:730
2:35,2,大秘境,35,大秘境 第35层,35,,41,500004,time_limit=60; monster_strength_level=35,src/conf/conf_great_rift_level.erl:751
2:36,2,大秘境,36,大秘境 第36层,36,,42,500004,time_limit=60; monster_strength_level=36,src/conf/conf_great_rift_level.erl:772
2:37,2,大秘境,37,大秘境 第37层,37,,42,500004,time_limit=60; monster_strength_level=37,src/conf/conf_great_rift_level.erl:793
2:38,2,大秘境,38,大秘境 第38层,38,,43,500004,time_limit=60; monster_strength_level=38,src/conf/conf_great_rift_level.erl:814
2:39,2,大秘境,39,大秘境 第39层,39,,43,500004,time_limit=60; monster_strength_level=39,src/conf/conf_great_rift_level.erl:835
2:40,2,大秘境,40,大秘境 第40层,40,,44,500004,time_limit=60; monster_strength_level=40,src/conf/conf_great_rift_level.erl:856
2:41,2,大秘境,41,大秘境 第41层,41,,45,500004,time_limit=60; monster_strength_level=41,src/conf/conf_great_rift_level.erl:877
2:42,2,大秘境,42,大秘境 第42层,42,,45,500004,time_limit=60; monster_strength_level=42,src/conf/conf_great_rift_level.erl:898
2:43,2,大秘境,43,大秘境 第43层,43,,46,500004,time_limit=60; monster_strength_level=43,src/conf/conf_great_rift_level.erl:919
2:44,2,大秘境,44,大秘境 第44层,44,,46,500004,time_limit=60; monster_strength_level=44,src/conf/conf_great_rift_level.erl:940
2:45,2,大秘境,45,大秘境 第45层,45,,47,500004,time_limit=60; monster_strength_level=45,src/conf/conf_great_rift_level.erl:961
2:46,2,大秘境,46,大秘境 第46层,46,,48,500004,time_limit=60; monster_strength_level=46,src/conf/conf_great_rift_level.erl:982
2:47,2,大秘境,47,大秘境 第47层,47,,49,500004,time_limit=60; monster_strength_level=47,src/conf/conf_great_rift_level.erl:1003
2:48,2,大秘境,48,大秘境 第48层,48,,49,500004,time_limit=60; monster_strength_level=48,src/conf/conf_great_rift_level.erl:1024
2:49,2,大秘境,49,大秘境 第49层,49,,50,500004,time_limit=60; monster_strength_level=49,src/conf/conf_great_rift_level.erl:1045
2:50,2,大秘境,50,大秘境 第50层,50,,51,500004,time_limit=60; monster_strength_level=50,src/conf/conf_great_rift_level.erl:1066
2:51,2,大秘境,51,大秘境 第51层,51,,52,500004,time_limit=60; monster_strength_level=51,src/conf/conf_great_rift_level.erl:1087
2:52,2,大秘境,52,大秘境 第52层,52,,53,500004,time_limit=60; monster_strength_level=52,src/conf/conf_great_rift_level.erl:1108
2:53,2,大秘境,53,大秘境 第53层,53,,54,500004,time_limit=60; monster_strength_level=53,src/conf/conf_great_rift_level.erl:1129
2:54,2,大秘境,54,大秘境 第54层,54,,55,500004,time_limit=60; monster_strength_level=54,src/conf/conf_great_rift_level.erl:1150
2:55,2,大秘境,55,大秘境 第55层,55,,55,500004,time_limit=60; monster_strength_level=55,src/conf/conf_great_rift_level.erl:1171
2:56,2,大秘境,56,大秘境 第56层,56,,56,500004,time_limit=60; monster_strength_level=56,src/conf/conf_great_rift_level.erl:1192
2:57,2,大秘境,57,大秘境 第57层,57,,57,500004,time_limit=60; monster_strength_level=57,src/conf/conf_great_rift_level.erl:1213
2:58,2,大秘境,58,大秘境 第58层,58,,58,500004,time_limit=60; monster_strength_level=58,src/conf/conf_great_rift_level.erl:1234
2:59,2,大秘境,59,大秘境 第59层,59,,58,500004,time_limit=60; monster_strength_level=59,src/conf/conf_great_rift_level.erl:1255
2:60,2,大秘境,60,大秘境 第60层,60,,59,500004,time_limit=60; monster_strength_level=60,src/conf/conf_great_rift_level.erl:1276
2:61,2,大秘境,61,大秘境 第61层,61,,60,500004,time_limit=60; monster_strength_level=61,src/conf/conf_great_rift_level.erl:1297
2:62,2,大秘境,62,大秘境 第62层,62,,61,500004,time_limit=60; monster_strength_level=62,src/conf/conf_great_rift_level.erl:1318
2:63,2,大秘境,63,大秘境 第63层,63,,61,500004,time_limit=60; monster_strength_level=63,src/conf/conf_great_rift_level.erl:1339
2:64,2,大秘境,64,大秘境 第64层,64,,62,500004,time_limit=60; monster_strength_level=64,src/conf/conf_great_rift_level.erl:1360
2:65,2,大秘境,65,大秘境 第65层,65,,63,500004,time_limit=60; monster_strength_level=65,src/conf/conf_great_rift_level.erl:1381
2:66,2,大秘境,66,大秘境 第66层,66,,63,500004,time_limit=60; monster_strength_level=66,src/conf/conf_great_rift_level.erl:1402
2:67,2,大秘境,67,大秘境 第67层,67,,64,500004,time_limit=60; monster_strength_level=67,src/conf/conf_great_rift_level.erl:1423
2:68,2,大秘境,68,大秘境 第68层,68,,65,500004,time_limit=60; monster_strength_level=68,src/conf/conf_great_rift_level.erl:1444
2:69,2,大秘境,69,大秘境 第69层,69,,65,500004,time_limit=60; monster_strength_level=69,src/conf/conf_great_rift_level.erl:1465
2:70,2,大秘境,70,大秘境 第70层,70,,66,500004,time_limit=60; monster_strength_level=70,src/conf/conf_great_rift_level.erl:1486
2:71,2,大秘境,71,大秘境 第71层,71,,66,500004,time_limit=60; monster_strength_level=71,src/conf/conf_great_rift_level.erl:1507
2:72,2,大秘境,72,大秘境 第72层,72,,67,500004,time_limit=60; monster_strength_level=72,src/conf/conf_great_rift_level.erl:1528
2:73,2,大秘境,73,大秘境 第73层,73,,68,500004,time_limit=60; monster_strength_level=73,src/conf/conf_great_rift_level.erl:1549
2:74,2,大秘境,74,大秘境 第74层,74,,68,500004,time_limit=60; monster_strength_level=74,src/conf/conf_great_rift_level.erl:1570
2:75,2,大秘境,75,大秘境 第75层,75,,69,500004,time_limit=60; monster_strength_level=75,src/conf/conf_great_rift_level.erl:1591
2:76,2,大秘境,76,大秘境 第76层,76,,70,500004,time_limit=60; monster_strength_level=76,src/conf/conf_great_rift_level.erl:1612
2:77,2,大秘境,77,大秘境 第77层,77,,71,500004,time_limit=60; monster_strength_level=77,src/conf/conf_great_rift_level.erl:1633
2:78,2,大秘境,78,大秘境 第78层,78,,71,500004,time_limit=60; monster_strength_level=78,src/conf/conf_great_rift_level.erl:1654
2:79,2,大秘境,79,大秘境 第79层,79,,72,500004,time_limit=60; monster_strength_level=79,src/conf/conf_great_rift_level.erl:1675
2:80,2,大秘境,80,大秘境 第80层,80,,73,500004,time_limit=60; monster_strength_level=80,src/conf/conf_great_rift_level.erl:1696
2:81,2,大秘境,81,大秘境 第81层,81,,74,500004,time_limit=60; monster_strength_level=81,src/conf/conf_great_rift_level.erl:1717
2:82,2,大秘境,82,大秘境 第82层,82,,75,500004,time_limit=60; monster_strength_level=82,src/conf/conf_great_rift_level.erl:1738
2:83,2,大秘境,83,大秘境 第83层,83,,75,500004,time_limit=60; monster_strength_level=83,src/conf/conf_great_rift_level.erl:1759
2:84,2,大秘境,84,大秘境 第84层,84,,76,500004,time_limit=60; monster_strength_level=84,src/conf/conf_great_rift_level.erl:1780
2:85,2,大秘境,85,大秘境 第85层,85,,77,500004,time_limit=60; monster_strength_level=85,src/conf/conf_great_rift_level.erl:1801
2:86,2,大秘境,86,大秘境 第86层,86,,78,500004,time_limit=60; monster_strength_level=86,src/conf/conf_great_rift_level.erl:1822
2:87,2,大秘境,87,大秘境 第87层,87,,79,500004,time_limit=60; monster_strength_level=87,src/conf/conf_great_rift_level.erl:1843
2:88,2,大秘境,88,大秘境 第88层,88,,80,500004,time_limit=60; monster_strength_level=88,src/conf/conf_great_rift_level.erl:1864
2:89,2,大秘境,89,大秘境 第89层,89,,80,500004,time_limit=60; monster_strength_level=89,src/conf/conf_great_rift_level.erl:1885
2:90,2,大秘境,90,大秘境 第90层,90,,81,500004,time_limit=60; monster_strength_level=90,src/conf/conf_great_rift_level.erl:1906
2:91,2,大秘境,91,大秘境 第91层,91,,82,500004,time_limit=60; monster_strength_level=91,src/conf/conf_great_rift_level.erl:1927
2:92,2,大秘境,92,大秘境 第92层,92,,83,500004,time_limit=60; monster_strength_level=92,src/conf/conf_great_rift_level.erl:1948
2:93,2,大秘境,93,大秘境 第93层,93,,84,500004,time_limit=60; monster_strength_level=93,src/conf/conf_great_rift_level.erl:1969
2:94,2,大秘境,94,大秘境 第94层,94,,85,500004,time_limit=60; monster_strength_level=94,src/conf/conf_great_rift_level.erl:1990
2:95,2,大秘境,95,大秘境 第95层,95,,86,500004,time_limit=60; monster_strength_level=95,src/conf/conf_great_rift_level.erl:2011
2:96,2,大秘境,96,大秘境 第96层,96,,87,500004,time_limit=60; monster_strength_level=96,src/conf/conf_great_rift_level.erl:2032
2:97,2,大秘境,97,大秘境 第97层,97,,87,500004,time_limit=60; monster_strength_level=97,src/conf/conf_great_rift_level.erl:2053
2:98,2,大秘境,98,大秘境 第98层,98,,88,500004,time_limit=60; monster_strength_level=98,src/conf/conf_great_rift_level.erl:2074
2:99,2,大秘境,99,大秘境 第99层,99,,88,500004,time_limit=60; monster_strength_level=99,src/conf/conf_great_rift_level.erl:2095
2:100,2,大秘境,100,大秘境 第100层,100,,89,500004,time_limit=60; monster_strength_level=100,src/conf/conf_great_rift_level.erl:2116
3:31001,3,资源本,31001,资源本 类型1 第1层,1,1,32,10101,recommend_power=27300; unlock_inner=10301; time_limit=120,src/conf/conf_resource_dungeon_level.erl:37
3:31002,3,资源本,31002,资源本 类型1 第2层,2,1,41,10101,recommend_power=31900; unlock_inner=10315; time_limit=120,src/conf/conf_resource_dungeon_level.erl:73
3:31003,3,资源本,31003,资源本 类型1 第3层,3,1,51,10101,recommend_power=39600; unlock_inner=10335; time_limit=120,src/conf/conf_resource_dungeon_level.erl:109
3:31004,3,资源本,31004,资源本 类型1 第4层,4,1,59,10101,recommend_power=45400; unlock_inner=10415; time_limit=120,src/conf/conf_resource_dungeon_level.erl:145
3:31005,3,资源本,31005,资源本 类型1 第5层,5,1,66,10101,recommend_power=50800; unlock_inner=10435; time_limit=120,src/conf/conf_resource_dungeon_level.erl:181
3:31006,3,资源本,31006,资源本 类型1 第6层,6,1,73,10101,recommend_power=56100; unlock_inner=10515; time_limit=120,src/conf/conf_resource_dungeon_level.erl:217
3:31007,3,资源本,31007,资源本 类型1 第7层,7,1,81,10101,recommend_power=63800; unlock_inner=10535; time_limit=120,src/conf/conf_resource_dungeon_level.erl:253
3:31008,3,资源本,31008,资源本 类型1 第8层,8,1,89,10101,recommend_power=72300; unlock_inner=10550; time_limit=120,src/conf/conf_resource_dungeon_level.erl:289
3:32001,3,资源本,32001,资源本 类型2 第1层,1,2,18,10201,recommend_power=17800; unlock_inner=10210; time_limit=120,src/conf/conf_resource_dungeon_level.erl:325
3:32002,3,资源本,32002,资源本 类型2 第2层,2,2,35,10201,recommend_power=29000; unlock_inner=10305; time_limit=120,src/conf/conf_resource_dungeon_level.erl:361
3:32003,3,资源本,32003,资源本 类型2 第3层,3,2,47,10201,recommend_power=36900; unlock_inner=10325; time_limit=120,src/conf/conf_resource_dungeon_level.erl:397
3:32004,3,资源本,32004,资源本 类型2 第4层,4,2,55,10201,recommend_power=42400; unlock_inner=10405; time_limit=120,src/conf/conf_resource_dungeon_level.erl:433
3:32005,3,资源本,32005,资源本 类型2 第5层,5,2,63,10201,recommend_power=47300; unlock_inner=10425; time_limit=120,src/conf/conf_resource_dungeon_level.erl:469
3:32006,3,资源本,32006,资源本 类型2 第6层,6,2,69,10201,recommend_power=53000; unlock_inner=10505; time_limit=120,src/conf/conf_resource_dungeon_level.erl:505
3:32007,3,资源本,32007,资源本 类型2 第7层,7,2,77,10201,recommend_power=59400; unlock_inner=10525; time_limit=120,src/conf/conf_resource_dungeon_level.erl:541
3:32008,3,资源本,32008,资源本 类型2 第8层,8,2,86,10201,recommend_power=69100; unlock_inner=10545; time_limit=120,src/conf/conf_resource_dungeon_level.erl:577
3:33001,3,资源本,33001,资源本 类型3 第1层,1,3,18,10301,recommend_power=17800; unlock_inner=10210; time_limit=120,src/conf/conf_resource_dungeon_level.erl:613
3:33002,3,资源本,33002,资源本 类型3 第2层,2,3,38,10301,recommend_power=30600; unlock_inner=10310; time_limit=120,src/conf/conf_resource_dungeon_level.erl:649
3:33003,3,资源本,33003,资源本 类型3 第3层,3,3,49,10301,recommend_power=38000; unlock_inner=10330; time_limit=120,src/conf/conf_resource_dungeon_level.erl:685
3:33004,3,资源本,33004,资源本 类型3 第4层,4,3,57,10301,recommend_power=43300; unlock_inner=10410; time_limit=120,src/conf/conf_resource_dungeon_level.erl:721
3:33005,3,资源本,33005,资源本 类型3 第5层,5,3,64,10301,recommend_power=48200; unlock_inner=10430; time_limit=120,src/conf/conf_resource_dungeon_level.erl:757
3:33006,3,资源本,33006,资源本 类型3 第6层,6,3,71,10301,recommend_power=54700; unlock_inner=10510; time_limit=120,src/conf/conf_resource_dungeon_level.erl:793
3:33007,3,资源本,33007,资源本 类型3 第7层,7,3,79,10301,recommend_power=61000; unlock_inner=10530; time_limit=120,src/conf/conf_resource_dungeon_level.erl:829
3:33008,3,资源本,33008,资源本 类型3 第8层,8,3,89,10301,recommend_power=72300; unlock_inner=10550; time_limit=120,src/conf/conf_resource_dungeon_level.erl:865
3:34001,3,资源本,34001,资源本 类型4 第1层,1,4,13,10401,recommend_power=11100; unlock_inner=10202; time_limit=120,src/conf/conf_resource_dungeon_level.erl:901
3:34002,3,资源本,34002,资源本 类型4 第2层,2,4,21,10401,recommend_power=21400; unlock_inner=10215; time_limit=120,src/conf/conf_resource_dungeon_level.erl:937
3:34003,3,资源本,34003,资源本 类型4 第3层,3,4,44,10401,recommend_power=34500; unlock_inner=10320; time_limit=120,src/conf/conf_resource_dungeon_level.erl:973
3:34004,3,资源本,34004,资源本 类型4 第4层,4,4,53,10401,recommend_power=40800; unlock_inner=10340; time_limit=120,src/conf/conf_resource_dungeon_level.erl:1009
3:34005,3,资源本,34005,资源本 类型4 第5层,5,4,61,10401,recommend_power=46400; unlock_inner=10420; time_limit=120,src/conf/conf_resource_dungeon_level.erl:1045
3:34006,3,资源本,34006,资源本 类型4 第6层,6,4,67,10401,recommend_power=51700; unlock_inner=10440; time_limit=120,src/conf/conf_resource_dungeon_level.erl:1081
3:34007,3,资源本,34007,资源本 类型4 第7层,7,4,75,10401,recommend_power=57300; unlock_inner=10520; time_limit=120,src/conf/conf_resource_dungeon_level.erl:1117
3:34008,3,资源本,34008,资源本 类型4 第8层,8,4,84,10401,recommend_power=66200; unlock_inner=10540; time_limit=120,src/conf/conf_resource_dungeon_level.erl:1153
5:10101,5,组队打宝,10101,组队打宝 难度1,1,,20,10101,need_power=7830; boss_id=30011; revive=1,src/conf/conf_team_loot_level.erl:37
5:10102,5,组队打宝,10102,组队打宝 难度2,2,,30,10101,need_power=23600; boss_id=30011; revive=1,src/conf/conf_team_loot_level.erl:54
