dungeon_type,关卡ID,层数,章节ID,结构ID,数数通过场景数,对应房间段,房间池ID,候选房间Prefab ID,权重,完成规则,开启关卡指引,房间类型,特殊内容,source,verification_status
1,10101,1,1,10101,1,第1房,101403,1010301,100,1,1,战斗房,,小秘境10101-10530_数数通过场景数映射表.xlsx|映射表|row=2,USER_APPROVED
1,10101,1,1,10101,2,第2房,101602,1010401,100,0,0,特殊奖励事件房,战技1,小秘境10101-10530_数数通过场景数映射表.xlsx|映射表|row=3,USER_APPROVED
1,10101,1,1,10101,3,第3房,101404,1010302,100,1,1,战斗房,,小秘境10101-10530_数数通过场景数映射表.xlsx|映射表|row=4,USER_APPROVED
1,10101,1,1,10101,4,第4房,101501,1010501~1010502,100~100,3,0,Boss房,,小秘境10101-10530_数数通过场景数映射表.xlsx|映射表|row=5,USER_APPROVED
1,10102,2,1,10102,1,第1房,101405,1010303,100,1,1,战斗房,,小秘境10101-10530_数数通过场景数映射表.xlsx|映射表|row=6,USER_APPROVED
1,10102,2,1,10102,2,第2房,101602,1010401,100,0,0,特殊奖励事件房,战技2,小秘境10101-10530_数数通过场景数映射表.xlsx|映射表|row=7,USER_APPROVED
1,10102,2,1,10102,3,第3房,101202,1010102,100,1,1,战斗房,,小秘境10101-10530_数数通过场景数映射表.xlsx|映射表|row=8,USER_APPROVED
1,10102,2,1,10102,4,第4房,101501,1010501~1010502,100~100,3,0,Boss房,,小秘境10101-10530_数数通过场景数映射表.xlsx|映射表|row=9,USER_APPROVED
1,10103,3,1,10103,1,第1房,101401,1010301~1010302,100~100,1,1,战斗房,,小秘境10101-10530_数数通过场景数映射表.xlsx|映射表|row=10,USER_APPROVED
1,10103,3,1,10103,2,第2房,101602,1010401,100,0,0,特殊奖励事件房,蓝色武器,小秘境10101-10530_数数通过场景数映射表.xlsx|映射表|row=11,USER_APPROVED
1,10103,3,1,10103,3,第3房,101301,1010201~1010202~1010203~1010204~1010205~1010206~1010207~1010208~1010209,100~100~100~100~100~100~100~100~100,1,1,战斗房,,小秘境10101-10530_数数通过场景数映射表.xlsx|映射表|row=12,USER_APPROVED
1,10103,3,1,10103,4,第4房,101501,1010501~1010502,100~100,3,0,Boss房,,小秘境10101-10530_数数通过场景数映射表.xlsx|映射表|row=13,USER_APPROVED
1,10104,4,1,10104,1,第1房,101401,1010301~1010302,100~100,1,1,战斗房,,小秘境10101-10530_数数通过场景数映射表.xlsx|映射表|row=14,USER_APPROVED
1,10104,4,1,10104,2,第2房,101604,1010403,100,0,0,特殊用途房-武器试用,红色武器试用,小秘境10101-10530_数数通过场景数映射表.xlsx|映射表|row=15,USER_APPROVED
1,10104,4,1,10104,3,第3房,101301,1010201~1010202~1010203~1010204~1010205~1010206~1010207~1010208~1010209,100~100~100~100~100~100~100~100~100,1,1,战斗房,,小秘境10101-10530_数数通过场景数映射表.xlsx|映射表|row=16,USER_APPROVED
1,10104,4,1,10104,4,第4房,101501,1010501~1010502,100~100,3,0,Boss房,,小秘境10101-10530_数数通过场景数映射表.xlsx|映射表|row=17,USER_APPROVED
1,10105,5,1,10105,1,第1房,101301,1010201~1010202~1010203~1010204~1010205~1010206~1010207~1010208~1010209,100~100~100~100~100~100~100~100~100,1,1,战斗房,,小秘境10101-10530_数数通过场景数映射表.xlsx|映射表|row=18,USER_APPROVED
1,10105,5,1,10105,2,第2房,101301,1010201~1010202~1010203~1010204~1010205~1010206~1010207~1010208~1010209,100~100~100~100~100~100~100~100~100,1,1,战斗房,,小秘境10101-10530_数数通过场景数映射表.xlsx|映射表|row=19,USER_APPROVED
1,10105,5,1,10105,3,第3房,101501,1010501~1010502,100~100,3,0,Boss房,,小秘境10101-10530_数数通过场景数映射表.xlsx|映射表|row=20,USER_APPROVED
1,10106,6,1,10106,1,第1房,101304,1011204,100,1,1,战斗房,,小秘境10101-10530_数数通过场景数映射表.xlsx|映射表|row=21,USER_APPROVED
1,10106,6,1,10106,2,第2房,101606,1011401,100,0,0,特殊奖励事件房,紫色武器,小秘境10101-10530_数数通过场景数映射表.xlsx|映射表|row=22,USER_APPROVED
1,10106,6,1,10106,3,第3房,101302,1011201~1011202~1011203,100~100~100,1,1,战斗房,,小秘境10101-10530_数数通过场景数映射表.xlsx|映射表|row=23,USER_APPROVED
1,10106,6,1,10106,4,第4房,101502,1011501~1011502,100~100,3,0,Boss房,,小秘境10101-10530_数数通过场景数映射表.xlsx|映射表|row=24,USER_APPROVED
1,10107,7,1,10107,1,第1房,101302,1011201~1011202~1011203,100~100~100,1,1,战斗房,,小秘境10101-10530_数数通过场景数映射表.xlsx|映射表|row=25,USER_APPROVED
1,10107,7,1,10107,2,第2房,101302,1011201~1011202~1011203,100~100~100,1,1,战斗房,,小秘境10101-10530_数数通过场景数映射表.xlsx|映射表|row=26,USER_APPROVED
1,10107,7,1,10107,3,第3房,101502,1011501~1011502,100~100,3,0,Boss房,,小秘境10101-10530_数数通过场景数映射表.xlsx|映射表|row=27,USER_APPROVED
1,10108,8,1,10108,1,第1房,101302,1011201~1011202~1011203,100~100~100,1,1,战斗房,,小秘境10101-10530_数数通过场景数映射表.xlsx|映射表|row=28,USER_APPROVED
1,10108,8,1,10108,2,第2房,101302,1011201~1011202~1011203,100~100~100,1,1,战斗房,,小秘境10101-10530_数数通过场景数映射表.xlsx|映射表|row=29,USER_APPROVED
1,10108,8,1,10108,3,第3房,101502,1011501~1011502,100~100,3,0,Boss房,,小秘境10101-10530_数数通过场景数映射表.xlsx|映射表|row=30,USER_APPROVED
1,10109,9,1,10109,1,第1房,101302,1011201~1011202~1011203,100~100~100,1,1,战斗房,,小秘境10101-10530_数数通过场景数映射表.xlsx|映射表|row=31,USER_APPROVED
1,10109,9,1,10109,2,第2房,101606,1011401,100,0,0,特殊奖励事件房,核心战技,小秘境10101-10530_数数通过场景数映射表.xlsx|映射表|row=32,USER_APPROVED
1,10109,9,1,10109,3,第3房,101302,1011201~1011202~1011203,100~100~100,1,1,战斗房,,小秘境10101-10530_数数通过场景数映射表.xlsx|映射表|row=33,USER_APPROVED
1,10109,9,1,10109,4,第4房,101502,1011501~1011502,100~100,3,0,Boss房,,小秘境10101-10530_数数通过场景数映射表.xlsx|映射表|row=34,USER_APPROVED
1,10110,10,1,10110,1,第1房,101302,1011201~1011202~1011203,100~100~100,1,1,战斗房,,小秘境10101-10530_数数通过场景数映射表.xlsx|映射表|row=35,USER_APPROVED
1,10110,10,1,10110,2,第2房,101606,1011401,100,0,0,特殊奖励事件房,橙色武器,小秘境10101-10530_数数通过场景数映射表.xlsx|映射表|row=36,USER_APPROVED
1,10110,10,1,10110,3,第3房,101302,1011201~1011202~1011203,100~100~100,1,1,战斗房,,小秘境10101-10530_数数通过场景数映射表.xlsx|映射表|row=37,USER_APPROVED
1,10110,10,1,10110,4,第4房,101504,1011503,100,3,0,Boss房,,小秘境10101-10530_数数通过场景数映射表.xlsx|映射表|row=38,USER_APPROVED
1,10111,11,1,10111,1,第1房,101306,1012201~1012202~1012203~1012204~1012205,100~100~100~100~100,1,1,战斗房,,小秘境10101-10530_数数通过场景数映射表.xlsx|映射表|row=39,USER_APPROVED
1,10111,11,1,10111,2,第2房,101306,1012201~1012202~1012203~1012204~1012205,100~100~100~100~100,1,1,战斗房,,小秘境10101-10530_数数通过场景数映射表.xlsx|映射表|row=40,USER_APPROVED
1,10111,11,1,10111,3,第3房,101505,1012501,100,3,0,Boss房,,小秘境10101-10530_数数通过场景数映射表.xlsx|映射表|row=41,USER_APPROVED
1,10112,12,1,10112,1,第1房,101305,1012206,100,1,1,战斗房,,小秘境10101-10530_数数通过场景数映射表.xlsx|映射表|row=42,USER_APPROVED
1,10112,12,1,10112,2,第2房,101306,1012201~1012202~1012203~1012204~1012205,100~100~100~100~100,1,1,战斗房,,小秘境10101-10530_数数通过场景数映射表.xlsx|映射表|row=43,USER_APPROVED
1,10112,12,1,10112,3,第3房,101505,1012501,100,3,0,Boss房,,小秘境10101-10530_数数通过场景数映射表.xlsx|映射表|row=44,USER_APPROVED
1,10113,13,1,10113,1,第1房,101306,1012201~1012202~1012203~1012204~1012205,100~100~100~100~100,1,1,战斗房,,小秘境10101-10530_数数通过场景数映射表.xlsx|映射表|row=45,USER_APPROVED
1,10113,13,1,10113,2,第2房,101306,1012201~1012202~1012203~1012204~1012205,100~100~100~100~100,1,1,战斗房,,小秘境10101-10530_数数通过场景数映射表.xlsx|映射表|row=46,USER_APPROVED
1,10113,13,1,10113,3,第3房,101505,1012501,100,3,0,Boss房,,小秘境10101-10530_数数通过场景数映射表.xlsx|映射表|row=47,USER_APPROVED
1,10114,14,1,10114,1,第1房,101306,1012201~1012202~1012203~1012204~1012205,100~100~100~100~100,1,1,战斗房,,小秘境10101-10530_数数通过场景数映射表.xlsx|映射表|row=48,USER_APPROVED
1,10114,14,1,10114,2,第2房,101306,1012201~1012202~1012203~1012204~1012205,100~100~100~100~100,1,1,战斗房,,小秘境10101-10530_数数通过场景数映射表.xlsx|映射表|row=49,USER_APPROVED
1,10114,14,1,10114,3,第3房,101505,1012501,100,3,0,Boss房,,小秘境10101-10530_数数通过场景数映射表.xlsx|映射表|row=50,USER_APPROVED
1,10115,15,1,10115,1,第1房,101306,1012201~1012202~1012203~1012204~1012205,100~100~100~100~100,1,1,战斗房,,小秘境10101-10530_数数通过场景数映射表.xlsx|映射表|row=51,USER_APPROVED
1,10115,15,1,10115,2,第2房,101306,1012201~1012202~1012203~1012204~1012205,100~100~100~100~100,1,1,战斗房,,小秘境10101-10530_数数通过场景数映射表.xlsx|映射表|row=52,USER_APPROVED
1,10115,15,1,10115,3,第3房,101505,1012501,100,3,0,Boss房,,小秘境10101-10530_数数通过场景数映射表.xlsx|映射表|row=53,USER_APPROVED
1,10201,16,2,10201,1,第1房,102301,1020200~1020201~1020202~1020203~1020204~1020205,100~100~100~100~100~100,1,1,战斗房,,小秘境10101-10530_数数通过场景数映射表.xlsx|映射表|row=54,USER_APPROVED
1,10201,16,2,10201,2,第2房,102401,1020300~1020301~1020302~1020303,100~100~100~100,1,1,战斗房,,小秘境10101-10530_数数通过场景数映射表.xlsx|映射表|row=55,USER_APPROVED
1,10201,16,2,10201,3,第3房,102501,1020501~1020502,100~100,3,0,Boss房,,小秘境10101-10530_数数通过场景数映射表.xlsx|映射表|row=56,USER_APPROVED
1,10202,17,2,10202,1,第1房,102401,1020300~1020301~1020302~1020303,100~100~100~100,1,1,战斗房,,小秘境10101-10530_数数通过场景数映射表.xlsx|映射表|row=57,USER_APPROVED
1,10202,17,2,10202,2,第2房,102301,1020200~1020201~1020202~1020203~1020204~1020205,100~100~100~100~100~100,1,1,战斗房,,小秘境10101-10530_数数通过场景数映射表.xlsx|映射表|row=58,USER_APPROVED
1,10202,17,2,10202,3,第3房,102501,1020501~1020502,100~100,3,0,Boss房,,小秘境10101-10530_数数通过场景数映射表.xlsx|映射表|row=59,USER_APPROVED
1,10203,18,2,10203,1,第1房,102303,1020206,100,1,1,战斗房,,小秘境10101-10530_数数通过场景数映射表.xlsx|映射表|row=60,USER_APPROVED
1,10203,18,2,10203,2,第2房,102601,1020401,100,0,0,特殊用途房-技能试用,对群技能试用,小秘境10101-10530_数数通过场景数映射表.xlsx|映射表|row=61,USER_APPROVED
1,10203,18,2,10203,3,第3房,102401,1020300~1020301~1020302~1020303,100~100~100~100,1,1,战斗房,,小秘境10101-10530_数数通过场景数映射表.xlsx|映射表|row=62,USER_APPROVED
1,10203,18,2,10203,4,第4房,102501,1020501~1020502,100~100,3,0,Boss房,,小秘境10101-10530_数数通过场景数映射表.xlsx|映射表|row=63,USER_APPROVED
1,10204,19,2,10204,1,第1房,102401,1020300~1020301~1020302~1020303,100~100~100~100,1,1,战斗房,,小秘境10101-10530_数数通过场景数映射表.xlsx|映射表|row=64,USER_APPROVED
1,10204,19,2,10204,2,第2房,102301,1020200~1020201~1020202~1020203~1020204~1020205,100~100~100~100~100~100,1,1,战斗房,,小秘境10101-10530_数数通过场景数映射表.xlsx|映射表|row=65,USER_APPROVED
1,10204,19,2,10204,3,第3房,102501,1020501~1020502,100~100,3,0,Boss房,,小秘境10101-10530_数数通过场景数映射表.xlsx|映射表|row=66,USER_APPROVED
1,10205,20,2,10205,1,第1房,102301,1020200~1020201~1020202~1020203~1020204~1020205,100~100~100~100~100~100,1,1,战斗房,,小秘境10101-10530_数数通过场景数映射表.xlsx|映射表|row=67,USER_APPROVED
1,10205,20,2,10205,2,第2房,102401,1020300~1020301~1020302~1020303,100~100~100~100,1,1,战斗房,,小秘境10101-10530_数数通过场景数映射表.xlsx|映射表|row=68,USER_APPROVED
1,10205,20,2,10205,3,第3房,102501,1020501~1020502,100~100,3,0,Boss房,,小秘境10101-10530_数数通过场景数映射表.xlsx|映射表|row=69,USER_APPROVED
1,10206,21,2,10206,1,第1房,102401,1020300~1020301~1020302~1020303,100~100~100~100,1,1,战斗房,,小秘境10101-10530_数数通过场景数映射表.xlsx|映射表|row=70,USER_APPROVED
1,10206,21,2,10206,2,第2房,102301,1020200~1020201~1020202~1020203~1020204~1020205,100~100~100~100~100~100,1,1,战斗房,,小秘境10101-10530_数数通过场景数映射表.xlsx|映射表|row=71,USER_APPROVED
1,10206,21,2,10206,3,第3房,102501,1020501~1020502,100~100,3,0,Boss房,,小秘境10101-10530_数数通过场景数映射表.xlsx|映射表|row=72,USER_APPROVED
1,10207,22,2,10207,1,第1房,102301,1020200~1020201~1020202~1020203~1020204~1020205,100~100~100~100~100~100,1,1,战斗房,,小秘境10101-10530_数数通过场景数映射表.xlsx|映射表|row=73,USER_APPROVED
1,10207,22,2,10207,2,第2房,102401,1020300~1020301~1020302~1020303,100~100~100~100,1,1,战斗房,,小秘境10101-10530_数数通过场景数映射表.xlsx|映射表|row=74,USER_APPROVED
1,10207,22,2,10207,3,第3房,102501,1020501~1020502,100~100,3,0,Boss房,,小秘境10101-10530_数数通过场景数映射表.xlsx|映射表|row=75,USER_APPROVED
1,10208,23,2,10208,1,第1房,102401,1020300~1020301~1020302~1020303,100~100~100~100,1,1,战斗房,,小秘境10101-10530_数数通过场景数映射表.xlsx|映射表|row=76,USER_APPROVED
1,10208,23,2,10208,2,第2房,102301,1020200~1020201~1020202~1020203~1020204~1020205,100~100~100~100~100~100,1,1,战斗房,,小秘境10101-10530_数数通过场景数映射表.xlsx|映射表|row=77,USER_APPROVED
1,10208,23,2,10208,3,第3房,102501,1020501~1020502,100~100,3,0,Boss房,,小秘境10101-10530_数数通过场景数映射表.xlsx|映射表|row=78,USER_APPROVED
1,10209,24,2,10209,1,第1房,102304,1020207,100,1,1,战斗房,,小秘境10101-10530_数数通过场景数映射表.xlsx|映射表|row=79,USER_APPROVED
1,10209,24,2,10209,2,第2房,102401,1020300~1020301~1020302~1020303,100~100~100~100,1,1,战斗房,,小秘境10101-10530_数数通过场景数映射表.xlsx|映射表|row=80,USER_APPROVED
1,10209,24,2,10209,3,第3房,102501,1020501~1020502,100~100,3,0,Boss房,,小秘境10101-10530_数数通过场景数映射表.xlsx|映射表|row=81,USER_APPROVED
1,10210,25,2,10210,1,第1房,102401,1020300~1020301~1020302~1020303,100~100~100~100,1,1,战斗房,,小秘境10101-10530_数数通过场景数映射表.xlsx|映射表|row=82,USER_APPROVED
1,10210,25,2,10210,2,第2房,102301,1020200~1020201~1020202~1020203~1020204~1020205,100~100~100~100~100~100,1,1,战斗房,,小秘境10101-10530_数数通过场景数映射表.xlsx|映射表|row=83,USER_APPROVED
1,10210,25,2,10210,3,第3房,102501,1020501~1020502,100~100,3,0,Boss房,,小秘境10101-10530_数数通过场景数映射表.xlsx|映射表|row=84,USER_APPROVED
1,10211,26,2,10211,1,第1房,102301,1020200~1020201~1020202~1020203~1020204~1020205,100~100~100~100~100~100,1,1,战斗房,,小秘境10101-10530_数数通过场景数映射表.xlsx|映射表|row=85,USER_APPROVED
1,10211,26,2,10211,2,第2房,102401,1020300~1020301~1020302~1020303,100~100~100~100,1,1,战斗房,,小秘境10101-10530_数数通过场景数映射表.xlsx|映射表|row=86,USER_APPROVED
1,10211,26,2,10211,3,第3房,102501,1020501~1020502,100~100,3,0,Boss房,,小秘境10101-10530_数数通过场景数映射表.xlsx|映射表|row=87,USER_APPROVED
1,10212,27,2,10212,1,第1房,102401,1020300~1020301~1020302~1020303,100~100~100~100,1,1,战斗房,,小秘境10101-10530_数数通过场景数映射表.xlsx|映射表|row=88,USER_APPROVED
1,10212,27,2,10212,2,第2房,102301,1020200~1020201~1020202~1020203~1020204~1020205,100~100~100~100~100~100,1,1,战斗房,,小秘境10101-10530_数数通过场景数映射表.xlsx|映射表|row=89,USER_APPROVED
1,10212,27,2,10212,3,第3房,102501,1020501~1020502,100~100,3,0,Boss房,,小秘境10101-10530_数数通过场景数映射表.xlsx|映射表|row=90,USER_APPROVED
1,10213,28,2,10213,1,第1房,102301,1020200~1020201~1020202~1020203~1020204~1020205,100~100~100~100~100~100,1,1,战斗房,,小秘境10101-10530_数数通过场景数映射表.xlsx|映射表|row=91,USER_APPROVED
1,10213,28,2,10213,2,第2房,102401,1020300~1020301~1020302~1020303,100~100~100~100,1,1,战斗房,,小秘境10101-10530_数数通过场景数映射表.xlsx|映射表|row=92,USER_APPROVED
1,10213,28,2,10213,3,第3房,102501,1020501~1020502,100~100,3,0,Boss房,,小秘境10101-10530_数数通过场景数映射表.xlsx|映射表|row=93,USER_APPROVED
1,10214,29,2,10214,1,第1房,102401,1020300~1020301~1020302~1020303,100~100~100~100,1,1,战斗房,,小秘境10101-10530_数数通过场景数映射表.xlsx|映射表|row=94,USER_APPROVED
1,10214,29,2,10214,2,第2房,102301,1020200~1020201~1020202~1020203~1020204~1020205,100~100~100~100~100~100,1,1,战斗房,,小秘境10101-10530_数数通过场景数映射表.xlsx|映射表|row=95,USER_APPROVED
1,10214,29,2,10214,3,第3房,102501,1020501~1020502,100~100,3,0,Boss房,,小秘境10101-10530_数数通过场景数映射表.xlsx|映射表|row=96,USER_APPROVED
1,10215,30,2,10215,1,第1房,102301,1020200~1020201~1020202~1020203~1020204~1020205,100~100~100~100~100~100,1,1,战斗房,,小秘境10101-10530_数数通过场景数映射表.xlsx|映射表|row=97,USER_APPROVED
1,10215,30,2,10215,2,第2房,102401,1020300~1020301~1020302~1020303,100~100~100~100,1,1,战斗房,,小秘境10101-10530_数数通过场景数映射表.xlsx|映射表|row=98,USER_APPROVED
1,10215,30,2,10215,3,第3房,102501,1020501~1020502,100~100,3,0,Boss房,,小秘境10101-10530_数数通过场景数映射表.xlsx|映射表|row=99,USER_APPROVED
1,10216,31,2,10216,1,第1房,102402,1021300~1021301~1021302~1021303,100~100~100~100,1,1,战斗房,,小秘境10101-10530_数数通过场景数映射表.xlsx|映射表|row=100,USER_APPROVED
1,10216,31,2,10216,2,第2房,102302,1021201~1021202~1021203~1021204,100~100~100~100,1,1,战斗房,,小秘境10101-10530_数数通过场景数映射表.xlsx|映射表|row=101,USER_APPROVED
1,10216,31,2,10216,3,第3房,102502,1021500,100,3,0,Boss房,,小秘境10101-10530_数数通过场景数映射表.xlsx|映射表|row=102,USER_APPROVED
1,10217,32,2,10217,1,第1房,102302,1021201~1021202~1021203~1021204,100~100~100~100,1,1,战斗房,,小秘境10101-10530_数数通过场景数映射表.xlsx|映射表|row=103,USER_APPROVED
1,10217,32,2,10217,2,第2房,102402,1021300~1021301~1021302~1021303,100~100~100~100,1,1,战斗房,,小秘境10101-10530_数数通过场景数映射表.xlsx|映射表|row=104,USER_APPROVED
1,10217,32,2,10217,3,第3房,102502,1021500,100,3,0,Boss房,,小秘境10101-10530_数数通过场景数映射表.xlsx|映射表|row=105,USER_APPROVED
1,10218,33,2,10218,1,第1房,102402,1021300~1021301~1021302~1021303,100~100~100~100,1,1,战斗房,,小秘境10101-10530_数数通过场景数映射表.xlsx|映射表|row=106,USER_APPROVED
1,10218,33,2,10218,2,第2房,102302,1021201~1021202~1021203~1021204,100~100~100~100,1,1,战斗房,,小秘境10101-10530_数数通过场景数映射表.xlsx|映射表|row=107,USER_APPROVED
1,10218,33,2,10218,3,第3房,102502,1021500,100,3,0,Boss房,,小秘境10101-10530_数数通过场景数映射表.xlsx|映射表|row=108,USER_APPROVED
1,10219,34,2,10219,1,第1房,102302,1021201~1021202~1021203~1021204,100~100~100~100,1,1,战斗房,,小秘境10101-10530_数数通过场景数映射表.xlsx|映射表|row=109,USER_APPROVED
1,10219,34,2,10219,2,第2房,102402,1021300~1021301~1021302~1021303,100~100~100~100,1,1,战斗房,,小秘境10101-10530_数数通过场景数映射表.xlsx|映射表|row=110,USER_APPROVED
1,10219,34,2,10219,3,第3房,102502,1021500,100,3,0,Boss房,,小秘境10101-10530_数数通过场景数映射表.xlsx|映射表|row=111,USER_APPROVED
1,10220,35,2,10220,1,第1房,102402,1021300~1021301~1021302~1021303,100~100~100~100,1,1,战斗房,,小秘境10101-10530_数数通过场景数映射表.xlsx|映射表|row=112,USER_APPROVED
1,10220,35,2,10220,2,第2房,102302,1021201~1021202~1021203~1021204,100~100~100~100,1,1,战斗房,,小秘境10101-10530_数数通过场景数映射表.xlsx|映射表|row=113,USER_APPROVED
1,10220,35,2,10220,3,第3房,102502,1021500,100,3,0,Boss房,,小秘境10101-10530_数数通过场景数映射表.xlsx|映射表|row=114,USER_APPROVED
1,10221,36,2,10221,1,第1房,102302,1021201~1021202~1021203~1021204,100~100~100~100,1,1,战斗房,,小秘境10101-10530_数数通过场景数映射表.xlsx|映射表|row=115,USER_APPROVED
1,10221,36,2,10221,2,第2房,102402,1021300~1021301~1021302~1021303,100~100~100~100,1,1,战斗房,,小秘境10101-10530_数数通过场景数映射表.xlsx|映射表|row=116,USER_APPROVED
1,10221,36,2,10221,3,第3房,102502,1021500,100,3,0,Boss房,,小秘境10101-10530_数数通过场景数映射表.xlsx|映射表|row=117,USER_APPROVED
1,10222,37,2,10222,1,第1房,102402,1021300~1021301~1021302~1021303,100~100~100~100,1,1,战斗房,,小秘境10101-10530_数数通过场景数映射表.xlsx|映射表|row=118,USER_APPROVED
1,10222,37,2,10222,2,第2房,102302,1021201~1021202~1021203~1021204,100~100~100~100,1,1,战斗房,,小秘境10101-10530_数数通过场景数映射表.xlsx|映射表|row=119,USER_APPROVED
1,10222,37,2,10222,3,第3房,102502,1021500,100,3,0,Boss房,,小秘境10101-10530_数数通过场景数映射表.xlsx|映射表|row=120,USER_APPROVED
1,10223,38,2,10223,1,第1房,102302,1021201~1021202~1021203~1021204,100~100~100~100,1,1,战斗房,,小秘境10101-10530_数数通过场景数映射表.xlsx|映射表|row=121,USER_APPROVED
1,10223,38,2,10223,2,第2房,102402,1021300~1021301~1021302~1021303,100~100~100~100,1,1,战斗房,,小秘境10101-10530_数数通过场景数映射表.xlsx|映射表|row=122,USER_APPROVED
1,10223,38,2,10223,3,第3房,102502,1021500,100,3,0,Boss房,,小秘境10101-10530_数数通过场景数映射表.xlsx|映射表|row=123,USER_APPROVED
1,10224,39,2,10224,1,第1房,102402,1021300~1021301~1021302~1021303,100~100~100~100,1,1,战斗房,,小秘境10101-10530_数数通过场景数映射表.xlsx|映射表|row=124,USER_APPROVED
1,10224,39,2,10224,2,第2房,102302,1021201~1021202~1021203~1021204,100~100~100~100,1,1,战斗房,,小秘境10101-10530_数数通过场景数映射表.xlsx|映射表|row=125,USER_APPROVED
1,10224,39,2,10224,3,第3房,102502,1021500,100,3,0,Boss房,,小秘境10101-10530_数数通过场景数映射表.xlsx|映射表|row=126,USER_APPROVED
1,10225,40,2,10225,1,第1房,102302,1021201~1021202~1021203~1021204,100~100~100~100,1,1,战斗房,,小秘境10101-10530_数数通过场景数映射表.xlsx|映射表|row=127,USER_APPROVED
1,10225,40,2,10225,2,第2房,102402,1021300~1021301~1021302~1021303,100~100~100~100,1,1,战斗房,,小秘境10101-10530_数数通过场景数映射表.xlsx|映射表|row=128,USER_APPROVED
1,10225,40,2,10225,3,第3房,102502,1021500,100,3,0,Boss房,,小秘境10101-10530_数数通过场景数映射表.xlsx|映射表|row=129,USER_APPROVED
1,10226,41,2,10226,1,第1房,102402,1021300~1021301~1021302~1021303,100~100~100~100,1,1,战斗房,,小秘境10101-10530_数数通过场景数映射表.xlsx|映射表|row=130,USER_APPROVED
1,10226,41,2,10226,2,第2房,102302,1021201~1021202~1021203~1021204,100~100~100~100,1,1,战斗房,,小秘境10101-10530_数数通过场景数映射表.xlsx|映射表|row=131,USER_APPROVED
1,10226,41,2,10226,3,第3房,102502,1021500,100,3,0,Boss房,,小秘境10101-10530_数数通过场景数映射表.xlsx|映射表|row=132,USER_APPROVED
1,10227,42,2,10227,1,第1房,102302,1021201~1021202~1021203~1021204,100~100~100~100,1,1,战斗房,,小秘境10101-10530_数数通过场景数映射表.xlsx|映射表|row=133,USER_APPROVED
1,10227,42,2,10227,2,第2房,102402,1021300~1021301~1021302~1021303,100~100~100~100,1,1,战斗房,,小秘境10101-10530_数数通过场景数映射表.xlsx|映射表|row=134,USER_APPROVED
1,10227,42,2,10227,3,第3房,102502,1021500,100,3,0,Boss房,,小秘境10101-10530_数数通过场景数映射表.xlsx|映射表|row=135,USER_APPROVED
1,10228,43,2,10228,1,第1房,102402,1021300~1021301~1021302~1021303,100~100~100~100,1,1,战斗房,,小秘境10101-10530_数数通过场景数映射表.xlsx|映射表|row=136,USER_APPROVED
1,10228,43,2,10228,2,第2房,102302,1021201~1021202~1021203~1021204,100~100~100~100,1,1,战斗房,,小秘境10101-10530_数数通过场景数映射表.xlsx|映射表|row=137,USER_APPROVED
1,10228,43,2,10228,3,第3房,102502,1021500,100,3,0,Boss房,,小秘境10101-10530_数数通过场景数映射表.xlsx|映射表|row=138,USER_APPROVED
1,10229,44,2,10229,1,第1房,102302,1021201~1021202~1021203~1021204,100~100~100~100,1,1,战斗房,,小秘境10101-10530_数数通过场景数映射表.xlsx|映射表|row=139,USER_APPROVED
1,10229,44,2,10229,2,第2房,102402,1021300~1021301~1021302~1021303,100~100~100~100,1,1,战斗房,,小秘境10101-10530_数数通过场景数映射表.xlsx|映射表|row=140,USER_APPROVED
1,10229,44,2,10229,3,第3房,102502,1021500,100,3,0,Boss房,,小秘境10101-10530_数数通过场景数映射表.xlsx|映射表|row=141,USER_APPROVED
1,10230,45,2,10230,1,第1房,102402,1021300~1021301~1021302~1021303,100~100~100~100,1,1,战斗房,,小秘境10101-10530_数数通过场景数映射表.xlsx|映射表|row=142,USER_APPROVED
1,10230,45,2,10230,2,第2房,102302,1021201~1021202~1021203~1021204,100~100~100~100,1,1,战斗房,,小秘境10101-10530_数数通过场景数映射表.xlsx|映射表|row=143,USER_APPROVED
1,10230,45,2,10230,3,第3房,102502,1021500,100,3,0,Boss房,,小秘境10101-10530_数数通过场景数映射表.xlsx|映射表|row=144,USER_APPROVED
1,10301,46,3,10301,1,第1房,102301,1020200~1020201~1020202~1020203~1020204~1020205,100~100~100~100~100~100,1,1,战斗房,,小秘境10101-10530_数数通过场景数映射表.xlsx|映射表|row=145,USER_APPROVED
1,10301,46,3,10301,2,第2房,102401,1020300~1020301~1020302~1020303,100~100~100~100,1,1,战斗房,,小秘境10101-10530_数数通过场景数映射表.xlsx|映射表|row=146,USER_APPROVED
1,10301,46,3,10301,3,第3房,102501,1020501~1020502,100~100,3,0,Boss房,,小秘境10101-10530_数数通过场景数映射表.xlsx|映射表|row=147,USER_APPROVED
1,10302,47,3,10302,1,第1房,102301,1020200~1020201~1020202~1020203~1020204~1020205,100~100~100~100~100~100,1,1,战斗房,,小秘境10101-10530_数数通过场景数映射表.xlsx|映射表|row=148,USER_APPROVED
1,10302,47,3,10302,2,第2房,102401,1020300~1020301~1020302~1020303,100~100~100~100,1,1,战斗房,,小秘境10101-10530_数数通过场景数映射表.xlsx|映射表|row=149,USER_APPROVED
1,10302,47,3,10302,3,第3房,102501,1020501~1020502,100~100,3,0,Boss房,,小秘境10101-10530_数数通过场景数映射表.xlsx|映射表|row=150,USER_APPROVED
1,10303,48,3,10303,1,第1房,102301,1020200~1020201~1020202~1020203~1020204~1020205,100~100~100~100~100~100,1,1,战斗房,,小秘境10101-10530_数数通过场景数映射表.xlsx|映射表|row=151,USER_APPROVED
1,10303,48,3,10303,2,第2房,102401,1020300~1020301~1020302~1020303,100~100~100~100,1,1,战斗房,,小秘境10101-10530_数数通过场景数映射表.xlsx|映射表|row=152,USER_APPROVED
1,10303,48,3,10303,3,第3房,102501,1020501~1020502,100~100,3,0,Boss房,,小秘境10101-10530_数数通过场景数映射表.xlsx|映射表|row=153,USER_APPROVED
1,10304,49,3,10304,1,第1房,102301,1020200~1020201~1020202~1020203~1020204~1020205,100~100~100~100~100~100,1,1,战斗房,,小秘境10101-10530_数数通过场景数映射表.xlsx|映射表|row=154,USER_APPROVED
1,10304,49,3,10304,2,第2房,102401,1020300~1020301~1020302~1020303,100~100~100~100,1,1,战斗房,,小秘境10101-10530_数数通过场景数映射表.xlsx|映射表|row=155,USER_APPROVED
1,10304,49,3,10304,3,第3房,102501,1020501~1020502,100~100,3,0,Boss房,,小秘境10101-10530_数数通过场景数映射表.xlsx|映射表|row=156,USER_APPROVED
1,10305,50,3,10305,1,第1房,102301,1020200~1020201~1020202~1020203~1020204~1020205,100~100~100~100~100~100,1,1,战斗房,,小秘境10101-10530_数数通过场景数映射表.xlsx|映射表|row=157,USER_APPROVED
1,10305,50,3,10305,2,第2房,102401,1020300~1020301~1020302~1020303,100~100~100~100,1,1,战斗房,,小秘境10101-10530_数数通过场景数映射表.xlsx|映射表|row=158,USER_APPROVED
1,10305,50,3,10305,3,第3房,102501,1020501~1020502,100~100,3,0,Boss房,,小秘境10101-10530_数数通过场景数映射表.xlsx|映射表|row=159,USER_APPROVED
1,10306,51,3,10306,1,第1房,102402,1021300~1021301~1021302~1021303,100~100~100~100,1,1,战斗房,,小秘境10101-10530_数数通过场景数映射表.xlsx|映射表|row=160,USER_APPROVED
1,10306,51,3,10306,2,第2房,102302,1021201~1021202~1021203~1021204,100~100~100~100,1,1,战斗房,,小秘境10101-10530_数数通过场景数映射表.xlsx|映射表|row=161,USER_APPROVED
1,10306,51,3,10306,3,第3房,102502,1021500,100,3,0,Boss房,,小秘境10101-10530_数数通过场景数映射表.xlsx|映射表|row=162,USER_APPROVED
1,10307,52,3,10307,1,第1房,102402,1021300~1021301~1021302~1021303,100~100~100~100,1,1,战斗房,,小秘境10101-10530_数数通过场景数映射表.xlsx|映射表|row=163,USER_APPROVED
1,10307,52,3,10307,2,第2房,102302,1021201~1021202~1021203~1021204,100~100~100~100,1,1,战斗房,,小秘境10101-10530_数数通过场景数映射表.xlsx|映射表|row=164,USER_APPROVED
1,10307,52,3,10307,3,第3房,102502,1021500,100,3,0,Boss房,,小秘境10101-10530_数数通过场景数映射表.xlsx|映射表|row=165,USER_APPROVED
1,10308,53,3,10308,1,第1房,102402,1021300~1021301~1021302~1021303,100~100~100~100,1,1,战斗房,,小秘境10101-10530_数数通过场景数映射表.xlsx|映射表|row=166,USER_APPROVED
1,10308,53,3,10308,2,第2房,102302,1021201~1021202~1021203~1021204,100~100~100~100,1,1,战斗房,,小秘境10101-10530_数数通过场景数映射表.xlsx|映射表|row=167,USER_APPROVED
1,10308,53,3,10308,3,第3房,102502,1021500,100,3,0,Boss房,,小秘境10101-10530_数数通过场景数映射表.xlsx|映射表|row=168,USER_APPROVED
1,10309,54,3,10309,1,第1房,102402,1021300~1021301~1021302~1021303,100~100~100~100,1,1,战斗房,,小秘境10101-10530_数数通过场景数映射表.xlsx|映射表|row=169,USER_APPROVED
1,10309,54,3,10309,2,第2房,102302,1021201~1021202~1021203~1021204,100~100~100~100,1,1,战斗房,,小秘境10101-10530_数数通过场景数映射表.xlsx|映射表|row=170,USER_APPROVED
1,10309,54,3,10309,3,第3房,102502,1021500,100,3,0,Boss房,,小秘境10101-10530_数数通过场景数映射表.xlsx|映射表|row=171,USER_APPROVED
1,10310,55,3,10310,1,第1房,102402,1021300~1021301~1021302~1021303,100~100~100~100,1,1,战斗房,,小秘境10101-10530_数数通过场景数映射表.xlsx|映射表|row=172,USER_APPROVED
1,10310,55,3,10310,2,第2房,102302,1021201~1021202~1021203~1021204,100~100~100~100,1,1,战斗房,,小秘境10101-10530_数数通过场景数映射表.xlsx|映射表|row=173,USER_APPROVED
1,10310,55,3,10310,3,第3房,102502,1021500,100,3,0,Boss房,,小秘境10101-10530_数数通过场景数映射表.xlsx|映射表|row=174,USER_APPROVED
1,10311,56,3,10311,1,第1房,101306,1012201~1012202~1012203~1012204~1012205,100~100~100~100~100,1,1,战斗房,,小秘境10101-10530_数数通过场景数映射表.xlsx|映射表|row=175,USER_APPROVED
1,10311,56,3,10311,2,第2房,101306,1012201~1012202~1012203~1012204~1012205,100~100~100~100~100,1,1,战斗房,,小秘境10101-10530_数数通过场景数映射表.xlsx|映射表|row=176,USER_APPROVED
1,10311,56,3,10311,3,第3房,101505,1012501,100,3,0,Boss房,,小秘境10101-10530_数数通过场景数映射表.xlsx|映射表|row=177,USER_APPROVED
1,10312,57,3,10312,1,第1房,101306,1012201~1012202~1012203~1012204~1012205,100~100~100~100~100,1,1,战斗房,,小秘境10101-10530_数数通过场景数映射表.xlsx|映射表|row=178,USER_APPROVED
1,10312,57,3,10312,2,第2房,101306,1012201~1012202~1012203~1012204~1012205,100~100~100~100~100,1,1,战斗房,,小秘境10101-10530_数数通过场景数映射表.xlsx|映射表|row=179,USER_APPROVED
1,10312,57,3,10312,3,第3房,101505,1012501,100,3,0,Boss房,,小秘境10101-10530_数数通过场景数映射表.xlsx|映射表|row=180,USER_APPROVED
1,10313,58,3,10313,1,第1房,101306,1012201~1012202~1012203~1012204~1012205,100~100~100~100~100,1,1,战斗房,,小秘境10101-10530_数数通过场景数映射表.xlsx|映射表|row=181,USER_APPROVED
1,10313,58,3,10313,2,第2房,101306,1012201~1012202~1012203~1012204~1012205,100~100~100~100~100,1,1,战斗房,,小秘境10101-10530_数数通过场景数映射表.xlsx|映射表|row=182,USER_APPROVED
1,10313,58,3,10313,3,第3房,101505,1012501,100,3,0,Boss房,,小秘境10101-10530_数数通过场景数映射表.xlsx|映射表|row=183,USER_APPROVED
1,10314,59,3,10314,1,第1房,101306,1012201~1012202~1012203~1012204~1012205,100~100~100~100~100,1,1,战斗房,,小秘境10101-10530_数数通过场景数映射表.xlsx|映射表|row=184,USER_APPROVED
1,10314,59,3,10314,2,第2房,101306,1012201~1012202~1012203~1012204~1012205,100~100~100~100~100,1,1,战斗房,,小秘境10101-10530_数数通过场景数映射表.xlsx|映射表|row=185,USER_APPROVED
1,10314,59,3,10314,3,第3房,101505,1012501,100,3,0,Boss房,,小秘境10101-10530_数数通过场景数映射表.xlsx|映射表|row=186,USER_APPROVED
1,10315,60,3,10315,1,第1房,101306,1012201~1012202~1012203~1012204~1012205,100~100~100~100~100,1,1,战斗房,,小秘境10101-10530_数数通过场景数映射表.xlsx|映射表|row=187,USER_APPROVED
1,10315,60,3,10315,2,第2房,101306,1012201~1012202~1012203~1012204~1012205,100~100~100~100~100,1,1,战斗房,,小秘境10101-10530_数数通过场景数映射表.xlsx|映射表|row=188,USER_APPROVED
1,10315,60,3,10315,3,第3房,101505,1012501,100,3,0,Boss房,,小秘境10101-10530_数数通过场景数映射表.xlsx|映射表|row=189,USER_APPROVED
1,10316,61,3,10316,1,第1房,102301,1020200~1020201~1020202~1020203~1020204~1020205,100~100~100~100~100~100,1,1,战斗房,,小秘境10101-10530_数数通过场景数映射表.xlsx|映射表|row=190,USER_APPROVED
1,10316,61,3,10316,2,第2房,102401,1020300~1020301~1020302~1020303,100~100~100~100,1,1,战斗房,,小秘境10101-10530_数数通过场景数映射表.xlsx|映射表|row=191,USER_APPROVED
1,10316,61,3,10316,3,第3房,102501,1020501~1020502,100~100,3,0,Boss房,,小秘境10101-10530_数数通过场景数映射表.xlsx|映射表|row=192,USER_APPROVED
1,10317,62,3,10317,1,第1房,102301,1020200~1020201~1020202~1020203~1020204~1020205,100~100~100~100~100~100,1,1,战斗房,,小秘境10101-10530_数数通过场景数映射表.xlsx|映射表|row=193,USER_APPROVED
1,10317,62,3,10317,2,第2房,102401,1020300~1020301~1020302~1020303,100~100~100~100,1,1,战斗房,,小秘境10101-10530_数数通过场景数映射表.xlsx|映射表|row=194,USER_APPROVED
1,10317,62,3,10317,3,第3房,102501,1020501~1020502,100~100,3,0,Boss房,,小秘境10101-10530_数数通过场景数映射表.xlsx|映射表|row=195,USER_APPROVED
1,10318,63,3,10318,1,第1房,102301,1020200~1020201~1020202~1020203~1020204~1020205,100~100~100~100~100~100,1,1,战斗房,,小秘境10101-10530_数数通过场景数映射表.xlsx|映射表|row=196,USER_APPROVED
1,10318,63,3,10318,2,第2房,102401,1020300~1020301~1020302~1020303,100~100~100~100,1,1,战斗房,,小秘境10101-10530_数数通过场景数映射表.xlsx|映射表|row=197,USER_APPROVED
1,10318,63,3,10318,3,第3房,102501,1020501~1020502,100~100,3,0,Boss房,,小秘境10101-10530_数数通过场景数映射表.xlsx|映射表|row=198,USER_APPROVED
1,10319,64,3,10319,1,第1房,102301,1020200~1020201~1020202~1020203~1020204~1020205,100~100~100~100~100~100,1,1,战斗房,,小秘境10101-10530_数数通过场景数映射表.xlsx|映射表|row=199,USER_APPROVED
1,10319,64,3,10319,2,第2房,102401,1020300~1020301~1020302~1020303,100~100~100~100,1,1,战斗房,,小秘境10101-10530_数数通过场景数映射表.xlsx|映射表|row=200,USER_APPROVED
1,10319,64,3,10319,3,第3房,102501,1020501~1020502,100~100,3,0,Boss房,,小秘境10101-10530_数数通过场景数映射表.xlsx|映射表|row=201,USER_APPROVED
1,10320,65,3,10320,1,第1房,102301,1020200~1020201~1020202~1020203~1020204~1020205,100~100~100~100~100~100,1,1,战斗房,,小秘境10101-10530_数数通过场景数映射表.xlsx|映射表|row=202,USER_APPROVED
1,10320,65,3,10320,2,第2房,102401,1020300~1020301~1020302~1020303,100~100~100~100,1,1,战斗房,,小秘境10101-10530_数数通过场景数映射表.xlsx|映射表|row=203,USER_APPROVED
1,10320,65,3,10320,3,第3房,102501,1020501~1020502,100~100,3,0,Boss房,,小秘境10101-10530_数数通过场景数映射表.xlsx|映射表|row=204,USER_APPROVED
1,10321,66,3,10321,1,第1房,102402,1021300~1021301~1021302~1021303,100~100~100~100,1,1,战斗房,,小秘境10101-10530_数数通过场景数映射表.xlsx|映射表|row=205,USER_APPROVED
1,10321,66,3,10321,2,第2房,102302,1021201~1021202~1021203~1021204,100~100~100~100,1,1,战斗房,,小秘境10101-10530_数数通过场景数映射表.xlsx|映射表|row=206,USER_APPROVED
1,10321,66,3,10321,3,第3房,102502,1021500,100,3,0,Boss房,,小秘境10101-10530_数数通过场景数映射表.xlsx|映射表|row=207,USER_APPROVED
1,10322,67,3,10322,1,第1房,102402,1021300~1021301~1021302~1021303,100~100~100~100,1,1,战斗房,,小秘境10101-10530_数数通过场景数映射表.xlsx|映射表|row=208,USER_APPROVED
1,10322,67,3,10322,2,第2房,102302,1021201~1021202~1021203~1021204,100~100~100~100,1,1,战斗房,,小秘境10101-10530_数数通过场景数映射表.xlsx|映射表|row=209,USER_APPROVED
1,10322,67,3,10322,3,第3房,102502,1021500,100,3,0,Boss房,,小秘境10101-10530_数数通过场景数映射表.xlsx|映射表|row=210,USER_APPROVED
1,10323,68,3,10323,1,第1房,102402,1021300~1021301~1021302~1021303,100~100~100~100,1,1,战斗房,,小秘境10101-10530_数数通过场景数映射表.xlsx|映射表|row=211,USER_APPROVED
1,10323,68,3,10323,2,第2房,102302,1021201~1021202~1021203~1021204,100~100~100~100,1,1,战斗房,,小秘境10101-10530_数数通过场景数映射表.xlsx|映射表|row=212,USER_APPROVED
1,10323,68,3,10323,3,第3房,102502,1021500,100,3,0,Boss房,,小秘境10101-10530_数数通过场景数映射表.xlsx|映射表|row=213,USER_APPROVED
1,10324,69,3,10324,1,第1房,102402,1021300~1021301~1021302~1021303,100~100~100~100,1,1,战斗房,,小秘境10101-10530_数数通过场景数映射表.xlsx|映射表|row=214,USER_APPROVED
1,10324,69,3,10324,2,第2房,102302,1021201~1021202~1021203~1021204,100~100~100~100,1,1,战斗房,,小秘境10101-10530_数数通过场景数映射表.xlsx|映射表|row=215,USER_APPROVED
1,10324,69,3,10324,3,第3房,102502,1021500,100,3,0,Boss房,,小秘境10101-10530_数数通过场景数映射表.xlsx|映射表|row=216,USER_APPROVED
1,10325,70,3,10325,1,第1房,102402,1021300~1021301~1021302~1021303,100~100~100~100,1,1,战斗房,,小秘境10101-10530_数数通过场景数映射表.xlsx|映射表|row=217,USER_APPROVED
1,10325,70,3,10325,2,第2房,102302,1021201~1021202~1021203~1021204,100~100~100~100,1,1,战斗房,,小秘境10101-10530_数数通过场景数映射表.xlsx|映射表|row=218,USER_APPROVED
1,10325,70,3,10325,3,第3房,102502,1021500,100,3,0,Boss房,,小秘境10101-10530_数数通过场景数映射表.xlsx|映射表|row=219,USER_APPROVED
1,10326,71,3,10326,1,第1房,101306,1012201~1012202~1012203~1012204~1012205,100~100~100~100~100,1,1,战斗房,,小秘境10101-10530_数数通过场景数映射表.xlsx|映射表|row=220,USER_APPROVED
1,10326,71,3,10326,2,第2房,101306,1012201~1012202~1012203~1012204~1012205,100~100~100~100~100,1,1,战斗房,,小秘境10101-10530_数数通过场景数映射表.xlsx|映射表|row=221,USER_APPROVED
1,10326,71,3,10326,3,第3房,101505,1012501,100,3,0,Boss房,,小秘境10101-10530_数数通过场景数映射表.xlsx|映射表|row=222,USER_APPROVED
1,10327,72,3,10327,1,第1房,101306,1012201~1012202~1012203~1012204~1012205,100~100~100~100~100,1,1,战斗房,,小秘境10101-10530_数数通过场景数映射表.xlsx|映射表|row=223,USER_APPROVED
1,10327,72,3,10327,2,第2房,101306,1012201~1012202~1012203~1012204~1012205,100~100~100~100~100,1,1,战斗房,,小秘境10101-10530_数数通过场景数映射表.xlsx|映射表|row=224,USER_APPROVED
1,10327,72,3,10327,3,第3房,101505,1012501,100,3,0,Boss房,,小秘境10101-10530_数数通过场景数映射表.xlsx|映射表|row=225,USER_APPROVED
1,10328,73,3,10328,1,第1房,101306,1012201~1012202~1012203~1012204~1012205,100~100~100~100~100,1,1,战斗房,,小秘境10101-10530_数数通过场景数映射表.xlsx|映射表|row=226,USER_APPROVED
1,10328,73,3,10328,2,第2房,101306,1012201~1012202~1012203~1012204~1012205,100~100~100~100~100,1,1,战斗房,,小秘境10101-10530_数数通过场景数映射表.xlsx|映射表|row=227,USER_APPROVED
1,10328,73,3,10328,3,第3房,101505,1012501,100,3,0,Boss房,,小秘境10101-10530_数数通过场景数映射表.xlsx|映射表|row=228,USER_APPROVED
1,10329,74,3,10329,1,第1房,101306,1012201~1012202~1012203~1012204~1012205,100~100~100~100~100,1,1,战斗房,,小秘境10101-10530_数数通过场景数映射表.xlsx|映射表|row=229,USER_APPROVED
1,10329,74,3,10329,2,第2房,101306,1012201~1012202~1012203~1012204~1012205,100~100~100~100~100,1,1,战斗房,,小秘境10101-10530_数数通过场景数映射表.xlsx|映射表|row=230,USER_APPROVED
1,10329,74,3,10329,3,第3房,101505,1012501,100,3,0,Boss房,,小秘境10101-10530_数数通过场景数映射表.xlsx|映射表|row=231,USER_APPROVED
1,10330,75,3,10330,1,第1房,101306,1012201~1012202~1012203~1012204~1012205,100~100~100~100~100,1,1,战斗房,,小秘境10101-10530_数数通过场景数映射表.xlsx|映射表|row=232,USER_APPROVED
1,10330,75,3,10330,2,第2房,101306,1012201~1012202~1012203~1012204~1012205,100~100~100~100~100,1,1,战斗房,,小秘境10101-10530_数数通过场景数映射表.xlsx|映射表|row=233,USER_APPROVED
1,10330,75,3,10330,3,第3房,101505,1012501,100,3,0,Boss房,,小秘境10101-10530_数数通过场景数映射表.xlsx|映射表|row=234,USER_APPROVED
1,10331,76,3,10330,1,第1房,101306,1012201~1012202~1012203~1012204~1012205,100~100~100~100~100,1,1,战斗房,,小秘境10101-10530_数数通过场景数映射表.xlsx|映射表|row=235,USER_APPROVED
1,10331,76,3,10330,2,第2房,101306,1012201~1012202~1012203~1012204~1012205,100~100~100~100~100,1,1,战斗房,,小秘境10101-10530_数数通过场景数映射表.xlsx|映射表|row=236,USER_APPROVED
1,10331,76,3,10330,3,第3房,101505,1012501,100,3,0,Boss房,,小秘境10101-10530_数数通过场景数映射表.xlsx|映射表|row=237,USER_APPROVED
1,10332,77,3,10330,1,第1房,101306,1012201~1012202~1012203~1012204~1012205,100~100~100~100~100,1,1,战斗房,,小秘境10101-10530_数数通过场景数映射表.xlsx|映射表|row=238,USER_APPROVED
1,10332,77,3,10330,2,第2房,101306,1012201~1012202~1012203~1012204~1012205,100~100~100~100~100,1,1,战斗房,,小秘境10101-10530_数数通过场景数映射表.xlsx|映射表|row=239,USER_APPROVED
1,10332,77,3,10330,3,第3房,101505,1012501,100,3,0,Boss房,,小秘境10101-10530_数数通过场景数映射表.xlsx|映射表|row=240,USER_APPROVED
1,10333,78,3,10330,1,第1房,101306,1012201~1012202~1012203~1012204~1012205,100~100~100~100~100,1,1,战斗房,,小秘境10101-10530_数数通过场景数映射表.xlsx|映射表|row=241,USER_APPROVED
1,10333,78,3,10330,2,第2房,101306,1012201~1012202~1012203~1012204~1012205,100~100~100~100~100,1,1,战斗房,,小秘境10101-10530_数数通过场景数映射表.xlsx|映射表|row=242,USER_APPROVED
1,10333,78,3,10330,3,第3房,101505,1012501,100,3,0,Boss房,,小秘境10101-10530_数数通过场景数映射表.xlsx|映射表|row=243,USER_APPROVED
1,10334,79,3,10330,1,第1房,101306,1012201~1012202~1012203~1012204~1012205,100~100~100~100~100,1,1,战斗房,,小秘境10101-10530_数数通过场景数映射表.xlsx|映射表|row=244,USER_APPROVED
1,10334,79,3,10330,2,第2房,101306,1012201~1012202~1012203~1012204~1012205,100~100~100~100~100,1,1,战斗房,,小秘境10101-10530_数数通过场景数映射表.xlsx|映射表|row=245,USER_APPROVED
1,10334,79,3,10330,3,第3房,101505,1012501,100,3,0,Boss房,,小秘境10101-10530_数数通过场景数映射表.xlsx|映射表|row=246,USER_APPROVED
1,10335,80,3,10330,1,第1房,101306,1012201~1012202~1012203~1012204~1012205,100~100~100~100~100,1,1,战斗房,,小秘境10101-10530_数数通过场景数映射表.xlsx|映射表|row=247,USER_APPROVED
1,10335,80,3,10330,2,第2房,101306,1012201~1012202~1012203~1012204~1012205,100~100~100~100~100,1,1,战斗房,,小秘境10101-10530_数数通过场景数映射表.xlsx|映射表|row=248,USER_APPROVED
1,10335,80,3,10330,3,第3房,101505,1012501,100,3,0,Boss房,,小秘境10101-10530_数数通过场景数映射表.xlsx|映射表|row=249,USER_APPROVED
1,10336,81,3,10330,1,第1房,101306,1012201~1012202~1012203~1012204~1012205,100~100~100~100~100,1,1,战斗房,,小秘境10101-10530_数数通过场景数映射表.xlsx|映射表|row=250,USER_APPROVED
1,10336,81,3,10330,2,第2房,101306,1012201~1012202~1012203~1012204~1012205,100~100~100~100~100,1,1,战斗房,,小秘境10101-10530_数数通过场景数映射表.xlsx|映射表|row=251,USER_APPROVED
1,10336,81,3,10330,3,第3房,101505,1012501,100,3,0,Boss房,,小秘境10101-10530_数数通过场景数映射表.xlsx|映射表|row=252,USER_APPROVED
1,10337,82,3,10330,1,第1房,101306,1012201~1012202~1012203~1012204~1012205,100~100~100~100~100,1,1,战斗房,,小秘境10101-10530_数数通过场景数映射表.xlsx|映射表|row=253,USER_APPROVED
1,10337,82,3,10330,2,第2房,101306,1012201~1012202~1012203~1012204~1012205,100~100~100~100~100,1,1,战斗房,,小秘境10101-10530_数数通过场景数映射表.xlsx|映射表|row=254,USER_APPROVED
1,10337,82,3,10330,3,第3房,101505,1012501,100,3,0,Boss房,,小秘境10101-10530_数数通过场景数映射表.xlsx|映射表|row=255,USER_APPROVED
1,10338,83,3,10330,1,第1房,101306,1012201~1012202~1012203~1012204~1012205,100~100~100~100~100,1,1,战斗房,,小秘境10101-10530_数数通过场景数映射表.xlsx|映射表|row=256,USER_APPROVED
1,10338,83,3,10330,2,第2房,101306,1012201~1012202~1012203~1012204~1012205,100~100~100~100~100,1,1,战斗房,,小秘境10101-10530_数数通过场景数映射表.xlsx|映射表|row=257,USER_APPROVED
1,10338,83,3,10330,3,第3房,101505,1012501,100,3,0,Boss房,,小秘境10101-10530_数数通过场景数映射表.xlsx|映射表|row=258,USER_APPROVED
1,10339,84,3,10330,1,第1房,101306,1012201~1012202~1012203~1012204~1012205,100~100~100~100~100,1,1,战斗房,,小秘境10101-10530_数数通过场景数映射表.xlsx|映射表|row=259,USER_APPROVED
1,10339,84,3,10330,2,第2房,101306,1012201~1012202~1012203~1012204~1012205,100~100~100~100~100,1,1,战斗房,,小秘境10101-10530_数数通过场景数映射表.xlsx|映射表|row=260,USER_APPROVED
1,10339,84,3,10330,3,第3房,101505,1012501,100,3,0,Boss房,,小秘境10101-10530_数数通过场景数映射表.xlsx|映射表|row=261,USER_APPROVED
1,10340,85,3,10330,1,第1房,101306,1012201~1012202~1012203~1012204~1012205,100~100~100~100~100,1,1,战斗房,,小秘境10101-10530_数数通过场景数映射表.xlsx|映射表|row=262,USER_APPROVED
1,10340,85,3,10330,2,第2房,101306,1012201~1012202~1012203~1012204~1012205,100~100~100~100~100,1,1,战斗房,,小秘境10101-10530_数数通过场景数映射表.xlsx|映射表|row=263,USER_APPROVED
1,10340,85,3,10330,3,第3房,101505,1012501,100,3,0,Boss房,,小秘境10101-10530_数数通过场景数映射表.xlsx|映射表|row=264,USER_APPROVED
1,10401,86,4,10401,1,第1房,102402,1021300~1021301~1021302~1021303,100~100~100~100,1,1,战斗房,,小秘境10101-10530_数数通过场景数映射表.xlsx|映射表|row=265,USER_APPROVED
1,10401,86,4,10401,2,第2房,102302,1021201~1021202~1021203~1021204,100~100~100~100,1,1,战斗房,,小秘境10101-10530_数数通过场景数映射表.xlsx|映射表|row=266,USER_APPROVED
1,10401,86,4,10401,3,第3房,102502,1021500,100,3,0,Boss房,,小秘境10101-10530_数数通过场景数映射表.xlsx|映射表|row=267,USER_APPROVED
1,10402,87,4,10402,1,第1房,102402,1021300~1021301~1021302~1021303,100~100~100~100,1,1,战斗房,,小秘境10101-10530_数数通过场景数映射表.xlsx|映射表|row=268,USER_APPROVED
1,10402,87,4,10402,2,第2房,102302,1021201~1021202~1021203~1021204,100~100~100~100,1,1,战斗房,,小秘境10101-10530_数数通过场景数映射表.xlsx|映射表|row=269,USER_APPROVED
1,10402,87,4,10402,3,第3房,102502,1021500,100,3,0,Boss房,,小秘境10101-10530_数数通过场景数映射表.xlsx|映射表|row=270,USER_APPROVED
1,10403,88,4,10403,1,第1房,102402,1021300~1021301~1021302~1021303,100~100~100~100,1,1,战斗房,,小秘境10101-10530_数数通过场景数映射表.xlsx|映射表|row=271,USER_APPROVED
1,10403,88,4,10403,2,第2房,102302,1021201~1021202~1021203~1021204,100~100~100~100,1,1,战斗房,,小秘境10101-10530_数数通过场景数映射表.xlsx|映射表|row=272,USER_APPROVED
1,10403,88,4,10403,3,第3房,102502,1021500,100,3,0,Boss房,,小秘境10101-10530_数数通过场景数映射表.xlsx|映射表|row=273,USER_APPROVED
1,10404,89,4,10404,1,第1房,102402,1021300~1021301~1021302~1021303,100~100~100~100,1,1,战斗房,,小秘境10101-10530_数数通过场景数映射表.xlsx|映射表|row=274,USER_APPROVED
1,10404,89,4,10404,2,第2房,102302,1021201~1021202~1021203~1021204,100~100~100~100,1,1,战斗房,,小秘境10101-10530_数数通过场景数映射表.xlsx|映射表|row=275,USER_APPROVED
1,10404,89,4,10404,3,第3房,102502,1021500,100,3,0,Boss房,,小秘境10101-10530_数数通过场景数映射表.xlsx|映射表|row=276,USER_APPROVED
1,10405,90,4,10405,1,第1房,102402,1021300~1021301~1021302~1021303,100~100~100~100,1,1,战斗房,,小秘境10101-10530_数数通过场景数映射表.xlsx|映射表|row=277,USER_APPROVED
1,10405,90,4,10405,2,第2房,102302,1021201~1021202~1021203~1021204,100~100~100~100,1,1,战斗房,,小秘境10101-10530_数数通过场景数映射表.xlsx|映射表|row=278,USER_APPROVED
1,10405,90,4,10405,3,第3房,102502,1021500,100,3,0,Boss房,,小秘境10101-10530_数数通过场景数映射表.xlsx|映射表|row=279,USER_APPROVED
1,10406,91,4,10406,1,第1房,101306,1012201~1012202~1012203~1012204~1012205,100~100~100~100~100,1,1,战斗房,,小秘境10101-10530_数数通过场景数映射表.xlsx|映射表|row=280,USER_APPROVED
1,10406,91,4,10406,2,第2房,101306,1012201~1012202~1012203~1012204~1012205,100~100~100~100~100,1,1,战斗房,,小秘境10101-10530_数数通过场景数映射表.xlsx|映射表|row=281,USER_APPROVED
1,10406,91,4,10406,3,第3房,101505,1012501,100,3,0,Boss房,,小秘境10101-10530_数数通过场景数映射表.xlsx|映射表|row=282,USER_APPROVED
1,10407,92,4,10407,1,第1房,101306,1012201~1012202~1012203~1012204~1012205,100~100~100~100~100,1,1,战斗房,,小秘境10101-10530_数数通过场景数映射表.xlsx|映射表|row=283,USER_APPROVED
1,10407,92,4,10407,2,第2房,101306,1012201~1012202~1012203~1012204~1012205,100~100~100~100~100,1,1,战斗房,,小秘境10101-10530_数数通过场景数映射表.xlsx|映射表|row=284,USER_APPROVED
1,10407,92,4,10407,3,第3房,101505,1012501,100,3,0,Boss房,,小秘境10101-10530_数数通过场景数映射表.xlsx|映射表|row=285,USER_APPROVED
1,10408,93,4,10408,1,第1房,101306,1012201~1012202~1012203~1012204~1012205,100~100~100~100~100,1,1,战斗房,,小秘境10101-10530_数数通过场景数映射表.xlsx|映射表|row=286,USER_APPROVED
1,10408,93,4,10408,2,第2房,101306,1012201~1012202~1012203~1012204~1012205,100~100~100~100~100,1,1,战斗房,,小秘境10101-10530_数数通过场景数映射表.xlsx|映射表|row=287,USER_APPROVED
1,10408,93,4,10408,3,第3房,101505,1012501,100,3,0,Boss房,,小秘境10101-10530_数数通过场景数映射表.xlsx|映射表|row=288,USER_APPROVED
1,10409,94,4,10409,1,第1房,101306,1012201~1012202~1012203~1012204~1012205,100~100~100~100~100,1,1,战斗房,,小秘境10101-10530_数数通过场景数映射表.xlsx|映射表|row=289,USER_APPROVED
1,10409,94,4,10409,2,第2房,101306,1012201~1012202~1012203~1012204~1012205,100~100~100~100~100,1,1,战斗房,,小秘境10101-10530_数数通过场景数映射表.xlsx|映射表|row=290,USER_APPROVED
1,10409,94,4,10409,3,第3房,101505,1012501,100,3,0,Boss房,,小秘境10101-10530_数数通过场景数映射表.xlsx|映射表|row=291,USER_APPROVED
1,10410,95,4,10410,1,第1房,101306,1012201~1012202~1012203~1012204~1012205,100~100~100~100~100,1,1,战斗房,,小秘境10101-10530_数数通过场景数映射表.xlsx|映射表|row=292,USER_APPROVED
1,10410,95,4,10410,2,第2房,101306,1012201~1012202~1012203~1012204~1012205,100~100~100~100~100,1,1,战斗房,,小秘境10101-10530_数数通过场景数映射表.xlsx|映射表|row=293,USER_APPROVED
1,10410,95,4,10410,3,第3房,101505,1012501,100,3,0,Boss房,,小秘境10101-10530_数数通过场景数映射表.xlsx|映射表|row=294,USER_APPROVED
1,10411,96,4,10411,1,第1房,102301,1020200~1020201~1020202~1020203~1020204~1020205,100~100~100~100~100~100,1,1,战斗房,,小秘境10101-10530_数数通过场景数映射表.xlsx|映射表|row=295,USER_APPROVED
1,10411,96,4,10411,2,第2房,102401,1020300~1020301~1020302~1020303,100~100~100~100,1,1,战斗房,,小秘境10101-10530_数数通过场景数映射表.xlsx|映射表|row=296,USER_APPROVED
1,10411,96,4,10411,3,第3房,102501,1020501~1020502,100~100,3,0,Boss房,,小秘境10101-10530_数数通过场景数映射表.xlsx|映射表|row=297,USER_APPROVED
1,10412,97,4,10412,1,第1房,102301,1020200~1020201~1020202~1020203~1020204~1020205,100~100~100~100~100~100,1,1,战斗房,,小秘境10101-10530_数数通过场景数映射表.xlsx|映射表|row=298,USER_APPROVED
1,10412,97,4,10412,2,第2房,102401,1020300~1020301~1020302~1020303,100~100~100~100,1,1,战斗房,,小秘境10101-10530_数数通过场景数映射表.xlsx|映射表|row=299,USER_APPROVED
1,10412,97,4,10412,3,第3房,102501,1020501~1020502,100~100,3,0,Boss房,,小秘境10101-10530_数数通过场景数映射表.xlsx|映射表|row=300,USER_APPROVED
1,10413,98,4,10413,1,第1房,102301,1020200~1020201~1020202~1020203~1020204~1020205,100~100~100~100~100~100,1,1,战斗房,,小秘境10101-10530_数数通过场景数映射表.xlsx|映射表|row=301,USER_APPROVED
1,10413,98,4,10413,2,第2房,102401,1020300~1020301~1020302~1020303,100~100~100~100,1,1,战斗房,,小秘境10101-10530_数数通过场景数映射表.xlsx|映射表|row=302,USER_APPROVED
1,10413,98,4,10413,3,第3房,102501,1020501~1020502,100~100,3,0,Boss房,,小秘境10101-10530_数数通过场景数映射表.xlsx|映射表|row=303,USER_APPROVED
1,10414,99,4,10414,1,第1房,102301,1020200~1020201~1020202~1020203~1020204~1020205,100~100~100~100~100~100,1,1,战斗房,,小秘境10101-10530_数数通过场景数映射表.xlsx|映射表|row=304,USER_APPROVED
1,10414,99,4,10414,2,第2房,102401,1020300~1020301~1020302~1020303,100~100~100~100,1,1,战斗房,,小秘境10101-10530_数数通过场景数映射表.xlsx|映射表|row=305,USER_APPROVED
1,10414,99,4,10414,3,第3房,102501,1020501~1020502,100~100,3,0,Boss房,,小秘境10101-10530_数数通过场景数映射表.xlsx|映射表|row=306,USER_APPROVED
1,10415,100,4,10415,1,第1房,102301,1020200~1020201~1020202~1020203~1020204~1020205,100~100~100~100~100~100,1,1,战斗房,,小秘境10101-10530_数数通过场景数映射表.xlsx|映射表|row=307,USER_APPROVED
1,10415,100,4,10415,2,第2房,102401,1020300~1020301~1020302~1020303,100~100~100~100,1,1,战斗房,,小秘境10101-10530_数数通过场景数映射表.xlsx|映射表|row=308,USER_APPROVED
1,10415,100,4,10415,3,第3房,102501,1020501~1020502,100~100,3,0,Boss房,,小秘境10101-10530_数数通过场景数映射表.xlsx|映射表|row=309,USER_APPROVED
1,10416,101,4,10416,1,第1房,102402,1021300~1021301~1021302~1021303,100~100~100~100,1,1,战斗房,,小秘境10101-10530_数数通过场景数映射表.xlsx|映射表|row=310,USER_APPROVED
1,10416,101,4,10416,2,第2房,102302,1021201~1021202~1021203~1021204,100~100~100~100,1,1,战斗房,,小秘境10101-10530_数数通过场景数映射表.xlsx|映射表|row=311,USER_APPROVED
1,10416,101,4,10416,3,第3房,102502,1021500,100,3,0,Boss房,,小秘境10101-10530_数数通过场景数映射表.xlsx|映射表|row=312,USER_APPROVED
1,10417,102,4,10417,1,第1房,102402,1021300~1021301~1021302~1021303,100~100~100~100,1,1,战斗房,,小秘境10101-10530_数数通过场景数映射表.xlsx|映射表|row=313,USER_APPROVED
1,10417,102,4,10417,2,第2房,102302,1021201~1021202~1021203~1021204,100~100~100~100,1,1,战斗房,,小秘境10101-10530_数数通过场景数映射表.xlsx|映射表|row=314,USER_APPROVED
1,10417,102,4,10417,3,第3房,102502,1021500,100,3,0,Boss房,,小秘境10101-10530_数数通过场景数映射表.xlsx|映射表|row=315,USER_APPROVED
1,10418,103,4,10418,1,第1房,102402,1021300~1021301~1021302~1021303,100~100~100~100,1,1,战斗房,,小秘境10101-10530_数数通过场景数映射表.xlsx|映射表|row=316,USER_APPROVED
1,10418,103,4,10418,2,第2房,102302,1021201~1021202~1021203~1021204,100~100~100~100,1,1,战斗房,,小秘境10101-10530_数数通过场景数映射表.xlsx|映射表|row=317,USER_APPROVED
1,10418,103,4,10418,3,第3房,102502,1021500,100,3,0,Boss房,,小秘境10101-10530_数数通过场景数映射表.xlsx|映射表|row=318,USER_APPROVED
1,10419,104,4,10419,1,第1房,102402,1021300~1021301~1021302~1021303,100~100~100~100,1,1,战斗房,,小秘境10101-10530_数数通过场景数映射表.xlsx|映射表|row=319,USER_APPROVED
1,10419,104,4,10419,2,第2房,102302,1021201~1021202~1021203~1021204,100~100~100~100,1,1,战斗房,,小秘境10101-10530_数数通过场景数映射表.xlsx|映射表|row=320,USER_APPROVED
1,10419,104,4,10419,3,第3房,102502,1021500,100,3,0,Boss房,,小秘境10101-10530_数数通过场景数映射表.xlsx|映射表|row=321,USER_APPROVED
1,10420,105,4,10420,1,第1房,102402,1021300~1021301~1021302~1021303,100~100~100~100,1,1,战斗房,,小秘境10101-10530_数数通过场景数映射表.xlsx|映射表|row=322,USER_APPROVED
1,10420,105,4,10420,2,第2房,102302,1021201~1021202~1021203~1021204,100~100~100~100,1,1,战斗房,,小秘境10101-10530_数数通过场景数映射表.xlsx|映射表|row=323,USER_APPROVED
1,10420,105,4,10420,3,第3房,102502,1021500,100,3,0,Boss房,,小秘境10101-10530_数数通过场景数映射表.xlsx|映射表|row=324,USER_APPROVED
1,10421,106,4,10421,1,第1房,101306,1012201~1012202~1012203~1012204~1012205,100~100~100~100~100,1,1,战斗房,,小秘境10101-10530_数数通过场景数映射表.xlsx|映射表|row=325,USER_APPROVED
1,10421,106,4,10421,2,第2房,101306,1012201~1012202~1012203~1012204~1012205,100~100~100~100~100,1,1,战斗房,,小秘境10101-10530_数数通过场景数映射表.xlsx|映射表|row=326,USER_APPROVED
1,10421,106,4,10421,3,第3房,101505,1012501,100,3,0,Boss房,,小秘境10101-10530_数数通过场景数映射表.xlsx|映射表|row=327,USER_APPROVED
1,10422,107,4,10422,1,第1房,101306,1012201~1012202~1012203~1012204~1012205,100~100~100~100~100,1,1,战斗房,,小秘境10101-10530_数数通过场景数映射表.xlsx|映射表|row=328,USER_APPROVED
1,10422,107,4,10422,2,第2房,101306,1012201~1012202~1012203~1012204~1012205,100~100~100~100~100,1,1,战斗房,,小秘境10101-10530_数数通过场景数映射表.xlsx|映射表|row=329,USER_APPROVED
1,10422,107,4,10422,3,第3房,101505,1012501,100,3,0,Boss房,,小秘境10101-10530_数数通过场景数映射表.xlsx|映射表|row=330,USER_APPROVED
1,10423,108,4,10423,1,第1房,101306,1012201~1012202~1012203~1012204~1012205,100~100~100~100~100,1,1,战斗房,,小秘境10101-10530_数数通过场景数映射表.xlsx|映射表|row=331,USER_APPROVED
1,10423,108,4,10423,2,第2房,101306,1012201~1012202~1012203~1012204~1012205,100~100~100~100~100,1,1,战斗房,,小秘境10101-10530_数数通过场景数映射表.xlsx|映射表|row=332,USER_APPROVED
1,10423,108,4,10423,3,第3房,101505,1012501,100,3,0,Boss房,,小秘境10101-10530_数数通过场景数映射表.xlsx|映射表|row=333,USER_APPROVED
1,10424,109,4,10424,1,第1房,101306,1012201~1012202~1012203~1012204~1012205,100~100~100~100~100,1,1,战斗房,,小秘境10101-10530_数数通过场景数映射表.xlsx|映射表|row=334,USER_APPROVED
1,10424,109,4,10424,2,第2房,101306,1012201~1012202~1012203~1012204~1012205,100~100~100~100~100,1,1,战斗房,,小秘境10101-10530_数数通过场景数映射表.xlsx|映射表|row=335,USER_APPROVED
1,10424,109,4,10424,3,第3房,101505,1012501,100,3,0,Boss房,,小秘境10101-10530_数数通过场景数映射表.xlsx|映射表|row=336,USER_APPROVED
1,10425,110,4,10425,1,第1房,101306,1012201~1012202~1012203~1012204~1012205,100~100~100~100~100,1,1,战斗房,,小秘境10101-10530_数数通过场景数映射表.xlsx|映射表|row=337,USER_APPROVED
1,10425,110,4,10425,2,第2房,101306,1012201~1012202~1012203~1012204~1012205,100~100~100~100~100,1,1,战斗房,,小秘境10101-10530_数数通过场景数映射表.xlsx|映射表|row=338,USER_APPROVED
1,10425,110,4,10425,3,第3房,101505,1012501,100,3,0,Boss房,,小秘境10101-10530_数数通过场景数映射表.xlsx|映射表|row=339,USER_APPROVED
1,10426,111,4,10426,1,第1房,102301,1020200~1020201~1020202~1020203~1020204~1020205,100~100~100~100~100~100,1,1,战斗房,,小秘境10101-10530_数数通过场景数映射表.xlsx|映射表|row=340,USER_APPROVED
1,10426,111,4,10426,2,第2房,102401,1020300~1020301~1020302~1020303,100~100~100~100,1,1,战斗房,,小秘境10101-10530_数数通过场景数映射表.xlsx|映射表|row=341,USER_APPROVED
1,10426,111,4,10426,3,第3房,102501,1020501~1020502,100~100,3,0,Boss房,,小秘境10101-10530_数数通过场景数映射表.xlsx|映射表|row=342,USER_APPROVED
1,10427,112,4,10427,1,第1房,102301,1020200~1020201~1020202~1020203~1020204~1020205,100~100~100~100~100~100,1,1,战斗房,,小秘境10101-10530_数数通过场景数映射表.xlsx|映射表|row=343,USER_APPROVED
1,10427,112,4,10427,2,第2房,102401,1020300~1020301~1020302~1020303,100~100~100~100,1,1,战斗房,,小秘境10101-10530_数数通过场景数映射表.xlsx|映射表|row=344,USER_APPROVED
1,10427,112,4,10427,3,第3房,102501,1020501~1020502,100~100,3,0,Boss房,,小秘境10101-10530_数数通过场景数映射表.xlsx|映射表|row=345,USER_APPROVED
1,10428,113,4,10428,1,第1房,102301,1020200~1020201~1020202~1020203~1020204~1020205,100~100~100~100~100~100,1,1,战斗房,,小秘境10101-10530_数数通过场景数映射表.xlsx|映射表|row=346,USER_APPROVED
1,10428,113,4,10428,2,第2房,102401,1020300~1020301~1020302~1020303,100~100~100~100,1,1,战斗房,,小秘境10101-10530_数数通过场景数映射表.xlsx|映射表|row=347,USER_APPROVED
1,10428,113,4,10428,3,第3房,102501,1020501~1020502,100~100,3,0,Boss房,,小秘境10101-10530_数数通过场景数映射表.xlsx|映射表|row=348,USER_APPROVED
1,10429,114,4,10429,1,第1房,102301,1020200~1020201~1020202~1020203~1020204~1020205,100~100~100~100~100~100,1,1,战斗房,,小秘境10101-10530_数数通过场景数映射表.xlsx|映射表|row=349,USER_APPROVED
1,10429,114,4,10429,2,第2房,102401,1020300~1020301~1020302~1020303,100~100~100~100,1,1,战斗房,,小秘境10101-10530_数数通过场景数映射表.xlsx|映射表|row=350,USER_APPROVED
1,10429,114,4,10429,3,第3房,102501,1020501~1020502,100~100,3,0,Boss房,,小秘境10101-10530_数数通过场景数映射表.xlsx|映射表|row=351,USER_APPROVED
1,10430,115,4,10430,1,第1房,102301,1020200~1020201~1020202~1020203~1020204~1020205,100~100~100~100~100~100,1,1,战斗房,,小秘境10101-10530_数数通过场景数映射表.xlsx|映射表|row=352,USER_APPROVED
1,10430,115,4,10430,2,第2房,102401,1020300~1020301~1020302~1020303,100~100~100~100,1,1,战斗房,,小秘境10101-10530_数数通过场景数映射表.xlsx|映射表|row=353,USER_APPROVED
1,10430,115,4,10430,3,第3房,102501,1020501~1020502,100~100,3,0,Boss房,,小秘境10101-10530_数数通过场景数映射表.xlsx|映射表|row=354,USER_APPROVED
1,10431,116,4,10430,1,第1房,102301,1020200~1020201~1020202~1020203~1020204~1020205,100~100~100~100~100~100,1,1,战斗房,,小秘境10101-10530_数数通过场景数映射表.xlsx|映射表|row=355,USER_APPROVED
1,10431,116,4,10430,2,第2房,102401,1020300~1020301~1020302~1020303,100~100~100~100,1,1,战斗房,,小秘境10101-10530_数数通过场景数映射表.xlsx|映射表|row=356,USER_APPROVED
1,10431,116,4,10430,3,第3房,102501,1020501~1020502,100~100,3,0,Boss房,,小秘境10101-10530_数数通过场景数映射表.xlsx|映射表|row=357,USER_APPROVED
1,10432,117,4,10430,1,第1房,102301,1020200~1020201~1020202~1020203~1020204~1020205,100~100~100~100~100~100,1,1,战斗房,,小秘境10101-10530_数数通过场景数映射表.xlsx|映射表|row=358,USER_APPROVED
1,10432,117,4,10430,2,第2房,102401,1020300~1020301~1020302~1020303,100~100~100~100,1,1,战斗房,,小秘境10101-10530_数数通过场景数映射表.xlsx|映射表|row=359,USER_APPROVED
1,10432,117,4,10430,3,第3房,102501,1020501~1020502,100~100,3,0,Boss房,,小秘境10101-10530_数数通过场景数映射表.xlsx|映射表|row=360,USER_APPROVED
1,10433,118,4,10430,1,第1房,102301,1020200~1020201~1020202~1020203~1020204~1020205,100~100~100~100~100~100,1,1,战斗房,,小秘境10101-10530_数数通过场景数映射表.xlsx|映射表|row=361,USER_APPROVED
1,10433,118,4,10430,2,第2房,102401,1020300~1020301~1020302~1020303,100~100~100~100,1,1,战斗房,,小秘境10101-10530_数数通过场景数映射表.xlsx|映射表|row=362,USER_APPROVED
1,10433,118,4,10430,3,第3房,102501,1020501~1020502,100~100,3,0,Boss房,,小秘境10101-10530_数数通过场景数映射表.xlsx|映射表|row=363,USER_APPROVED
1,10434,119,4,10430,1,第1房,102301,1020200~1020201~1020202~1020203~1020204~1020205,100~100~100~100~100~100,1,1,战斗房,,小秘境10101-10530_数数通过场景数映射表.xlsx|映射表|row=364,USER_APPROVED
1,10434,119,4,10430,2,第2房,102401,1020300~1020301~1020302~1020303,100~100~100~100,1,1,战斗房,,小秘境10101-10530_数数通过场景数映射表.xlsx|映射表|row=365,USER_APPROVED
1,10434,119,4,10430,3,第3房,102501,1020501~1020502,100~100,3,0,Boss房,,小秘境10101-10530_数数通过场景数映射表.xlsx|映射表|row=366,USER_APPROVED
1,10435,120,4,10430,1,第1房,102301,1020200~1020201~1020202~1020203~1020204~1020205,100~100~100~100~100~100,1,1,战斗房,,小秘境10101-10530_数数通过场景数映射表.xlsx|映射表|row=367,USER_APPROVED
1,10435,120,4,10430,2,第2房,102401,1020300~1020301~1020302~1020303,100~100~100~100,1,1,战斗房,,小秘境10101-10530_数数通过场景数映射表.xlsx|映射表|row=368,USER_APPROVED
1,10435,120,4,10430,3,第3房,102501,1020501~1020502,100~100,3,0,Boss房,,小秘境10101-10530_数数通过场景数映射表.xlsx|映射表|row=369,USER_APPROVED
1,10436,121,4,10430,1,第1房,102301,1020200~1020201~1020202~1020203~1020204~1020205,100~100~100~100~100~100,1,1,战斗房,,小秘境10101-10530_数数通过场景数映射表.xlsx|映射表|row=370,USER_APPROVED
1,10436,121,4,10430,2,第2房,102401,1020300~1020301~1020302~1020303,100~100~100~100,1,1,战斗房,,小秘境10101-10530_数数通过场景数映射表.xlsx|映射表|row=371,USER_APPROVED
1,10436,121,4,10430,3,第3房,102501,1020501~1020502,100~100,3,0,Boss房,,小秘境10101-10530_数数通过场景数映射表.xlsx|映射表|row=372,USER_APPROVED
1,10437,122,4,10430,1,第1房,102301,1020200~1020201~1020202~1020203~1020204~1020205,100~100~100~100~100~100,1,1,战斗房,,小秘境10101-10530_数数通过场景数映射表.xlsx|映射表|row=373,USER_APPROVED
1,10437,122,4,10430,2,第2房,102401,1020300~1020301~1020302~1020303,100~100~100~100,1,1,战斗房,,小秘境10101-10530_数数通过场景数映射表.xlsx|映射表|row=374,USER_APPROVED
1,10437,122,4,10430,3,第3房,102501,1020501~1020502,100~100,3,0,Boss房,,小秘境10101-10530_数数通过场景数映射表.xlsx|映射表|row=375,USER_APPROVED
1,10438,123,4,10430,1,第1房,102301,1020200~1020201~1020202~1020203~1020204~1020205,100~100~100~100~100~100,1,1,战斗房,,小秘境10101-10530_数数通过场景数映射表.xlsx|映射表|row=376,USER_APPROVED
1,10438,123,4,10430,2,第2房,102401,1020300~1020301~1020302~1020303,100~100~100~100,1,1,战斗房,,小秘境10101-10530_数数通过场景数映射表.xlsx|映射表|row=377,USER_APPROVED
1,10438,123,4,10430,3,第3房,102501,1020501~1020502,100~100,3,0,Boss房,,小秘境10101-10530_数数通过场景数映射表.xlsx|映射表|row=378,USER_APPROVED
1,10439,124,4,10430,1,第1房,102301,1020200~1020201~1020202~1020203~1020204~1020205,100~100~100~100~100~100,1,1,战斗房,,小秘境10101-10530_数数通过场景数映射表.xlsx|映射表|row=379,USER_APPROVED
1,10439,124,4,10430,2,第2房,102401,1020300~1020301~1020302~1020303,100~100~100~100,1,1,战斗房,,小秘境10101-10530_数数通过场景数映射表.xlsx|映射表|row=380,USER_APPROVED
1,10439,124,4,10430,3,第3房,102501,1020501~1020502,100~100,3,0,Boss房,,小秘境10101-10530_数数通过场景数映射表.xlsx|映射表|row=381,USER_APPROVED
1,10440,125,4,10430,1,第1房,102301,1020200~1020201~1020202~1020203~1020204~1020205,100~100~100~100~100~100,1,1,战斗房,,小秘境10101-10530_数数通过场景数映射表.xlsx|映射表|row=382,USER_APPROVED
1,10440,125,4,10430,2,第2房,102401,1020300~1020301~1020302~1020303,100~100~100~100,1,1,战斗房,,小秘境10101-10530_数数通过场景数映射表.xlsx|映射表|row=383,USER_APPROVED
1,10440,125,4,10430,3,第3房,102501,1020501~1020502,100~100,3,0,Boss房,,小秘境10101-10530_数数通过场景数映射表.xlsx|映射表|row=384,USER_APPROVED
1,10501,126,5,10501,1,第1房,101306,1012201~1012202~1012203~1012204~1012205,100~100~100~100~100,1,1,战斗房,,小秘境10101-10530_数数通过场景数映射表.xlsx|映射表|row=385,USER_APPROVED
1,10501,126,5,10501,2,第2房,101306,1012201~1012202~1012203~1012204~1012205,100~100~100~100~100,1,1,战斗房,,小秘境10101-10530_数数通过场景数映射表.xlsx|映射表|row=386,USER_APPROVED
1,10501,126,5,10501,3,第3房,101505,1012501,100,3,0,Boss房,,小秘境10101-10530_数数通过场景数映射表.xlsx|映射表|row=387,USER_APPROVED
1,10502,127,5,10502,1,第1房,101306,1012201~1012202~1012203~1012204~1012205,100~100~100~100~100,1,1,战斗房,,小秘境10101-10530_数数通过场景数映射表.xlsx|映射表|row=388,USER_APPROVED
1,10502,127,5,10502,2,第2房,101306,1012201~1012202~1012203~1012204~1012205,100~100~100~100~100,1,1,战斗房,,小秘境10101-10530_数数通过场景数映射表.xlsx|映射表|row=389,USER_APPROVED
1,10502,127,5,10502,3,第3房,101505,1012501,100,3,0,Boss房,,小秘境10101-10530_数数通过场景数映射表.xlsx|映射表|row=390,USER_APPROVED
1,10503,128,5,10503,1,第1房,101306,1012201~1012202~1012203~1012204~1012205,100~100~100~100~100,1,1,战斗房,,小秘境10101-10530_数数通过场景数映射表.xlsx|映射表|row=391,USER_APPROVED
1,10503,128,5,10503,2,第2房,101306,1012201~1012202~1012203~1012204~1012205,100~100~100~100~100,1,1,战斗房,,小秘境10101-10530_数数通过场景数映射表.xlsx|映射表|row=392,USER_APPROVED
1,10503,128,5,10503,3,第3房,101505,1012501,100,3,0,Boss房,,小秘境10101-10530_数数通过场景数映射表.xlsx|映射表|row=393,USER_APPROVED
1,10504,129,5,10504,1,第1房,101306,1012201~1012202~1012203~1012204~1012205,100~100~100~100~100,1,1,战斗房,,小秘境10101-10530_数数通过场景数映射表.xlsx|映射表|row=394,USER_APPROVED
1,10504,129,5,10504,2,第2房,101306,1012201~1012202~1012203~1012204~1012205,100~100~100~100~100,1,1,战斗房,,小秘境10101-10530_数数通过场景数映射表.xlsx|映射表|row=395,USER_APPROVED
1,10504,129,5,10504,3,第3房,101505,1012501,100,3,0,Boss房,,小秘境10101-10530_数数通过场景数映射表.xlsx|映射表|row=396,USER_APPROVED
1,10505,130,5,10505,1,第1房,101306,1012201~1012202~1012203~1012204~1012205,100~100~100~100~100,1,1,战斗房,,小秘境10101-10530_数数通过场景数映射表.xlsx|映射表|row=397,USER_APPROVED
1,10505,130,5,10505,2,第2房,101306,1012201~1012202~1012203~1012204~1012205,100~100~100~100~100,1,1,战斗房,,小秘境10101-10530_数数通过场景数映射表.xlsx|映射表|row=398,USER_APPROVED
1,10505,130,5,10505,3,第3房,101505,1012501,100,3,0,Boss房,,小秘境10101-10530_数数通过场景数映射表.xlsx|映射表|row=399,USER_APPROVED
1,10506,131,5,10506,1,第1房,102301,1020200~1020201~1020202~1020203~1020204~1020205,100~100~100~100~100~100,1,1,战斗房,,小秘境10101-10530_数数通过场景数映射表.xlsx|映射表|row=400,USER_APPROVED
1,10506,131,5,10506,2,第2房,102401,1020300~1020301~1020302~1020303,100~100~100~100,1,1,战斗房,,小秘境10101-10530_数数通过场景数映射表.xlsx|映射表|row=401,USER_APPROVED
1,10506,131,5,10506,3,第3房,102501,1020501~1020502,100~100,3,0,Boss房,,小秘境10101-10530_数数通过场景数映射表.xlsx|映射表|row=402,USER_APPROVED
1,10507,132,5,10507,1,第1房,102301,1020200~1020201~1020202~1020203~1020204~1020205,100~100~100~100~100~100,1,1,战斗房,,小秘境10101-10530_数数通过场景数映射表.xlsx|映射表|row=403,USER_APPROVED
1,10507,132,5,10507,2,第2房,102401,1020300~1020301~1020302~1020303,100~100~100~100,1,1,战斗房,,小秘境10101-10530_数数通过场景数映射表.xlsx|映射表|row=404,USER_APPROVED
1,10507,132,5,10507,3,第3房,102501,1020501~1020502,100~100,3,0,Boss房,,小秘境10101-10530_数数通过场景数映射表.xlsx|映射表|row=405,USER_APPROVED
1,10508,133,5,10508,1,第1房,102301,1020200~1020201~1020202~1020203~1020204~1020205,100~100~100~100~100~100,1,1,战斗房,,小秘境10101-10530_数数通过场景数映射表.xlsx|映射表|row=406,USER_APPROVED
1,10508,133,5,10508,2,第2房,102401,1020300~1020301~1020302~1020303,100~100~100~100,1,1,战斗房,,小秘境10101-10530_数数通过场景数映射表.xlsx|映射表|row=407,USER_APPROVED
1,10508,133,5,10508,3,第3房,102501,1020501~1020502,100~100,3,0,Boss房,,小秘境10101-10530_数数通过场景数映射表.xlsx|映射表|row=408,USER_APPROVED
1,10509,134,5,10509,1,第1房,102301,1020200~1020201~1020202~1020203~1020204~1020205,100~100~100~100~100~100,1,1,战斗房,,小秘境10101-10530_数数通过场景数映射表.xlsx|映射表|row=409,USER_APPROVED
1,10509,134,5,10509,2,第2房,102401,1020300~1020301~1020302~1020303,100~100~100~100,1,1,战斗房,,小秘境10101-10530_数数通过场景数映射表.xlsx|映射表|row=410,USER_APPROVED
1,10509,134,5,10509,3,第3房,102501,1020501~1020502,100~100,3,0,Boss房,,小秘境10101-10530_数数通过场景数映射表.xlsx|映射表|row=411,USER_APPROVED
1,10510,135,5,10510,1,第1房,102301,1020200~1020201~1020202~1020203~1020204~1020205,100~100~100~100~100~100,1,1,战斗房,,小秘境10101-10530_数数通过场景数映射表.xlsx|映射表|row=412,USER_APPROVED
1,10510,135,5,10510,2,第2房,102401,1020300~1020301~1020302~1020303,100~100~100~100,1,1,战斗房,,小秘境10101-10530_数数通过场景数映射表.xlsx|映射表|row=413,USER_APPROVED
1,10510,135,5,10510,3,第3房,102501,1020501~1020502,100~100,3,0,Boss房,,小秘境10101-10530_数数通过场景数映射表.xlsx|映射表|row=414,USER_APPROVED
1,10511,136,5,10511,1,第1房,102402,1021300~1021301~1021302~1021303,100~100~100~100,1,1,战斗房,,小秘境10101-10530_数数通过场景数映射表.xlsx|映射表|row=415,USER_APPROVED
1,10511,136,5,10511,2,第2房,102302,1021201~1021202~1021203~1021204,100~100~100~100,1,1,战斗房,,小秘境10101-10530_数数通过场景数映射表.xlsx|映射表|row=416,USER_APPROVED
1,10511,136,5,10511,3,第3房,102502,1021500,100,3,0,Boss房,,小秘境10101-10530_数数通过场景数映射表.xlsx|映射表|row=417,USER_APPROVED
1,10512,137,5,10512,1,第1房,102402,1021300~1021301~1021302~1021303,100~100~100~100,1,1,战斗房,,小秘境10101-10530_数数通过场景数映射表.xlsx|映射表|row=418,USER_APPROVED
1,10512,137,5,10512,2,第2房,102302,1021201~1021202~1021203~1021204,100~100~100~100,1,1,战斗房,,小秘境10101-10530_数数通过场景数映射表.xlsx|映射表|row=419,USER_APPROVED
1,10512,137,5,10512,3,第3房,102502,1021500,100,3,0,Boss房,,小秘境10101-10530_数数通过场景数映射表.xlsx|映射表|row=420,USER_APPROVED
1,10513,138,5,10513,1,第1房,102402,1021300~1021301~1021302~1021303,100~100~100~100,1,1,战斗房,,小秘境10101-10530_数数通过场景数映射表.xlsx|映射表|row=421,USER_APPROVED
1,10513,138,5,10513,2,第2房,102302,1021201~1021202~1021203~1021204,100~100~100~100,1,1,战斗房,,小秘境10101-10530_数数通过场景数映射表.xlsx|映射表|row=422,USER_APPROVED
1,10513,138,5,10513,3,第3房,102502,1021500,100,3,0,Boss房,,小秘境10101-10530_数数通过场景数映射表.xlsx|映射表|row=423,USER_APPROVED
1,10514,139,5,10514,1,第1房,102402,1021300~1021301~1021302~1021303,100~100~100~100,1,1,战斗房,,小秘境10101-10530_数数通过场景数映射表.xlsx|映射表|row=424,USER_APPROVED
1,10514,139,5,10514,2,第2房,102302,1021201~1021202~1021203~1021204,100~100~100~100,1,1,战斗房,,小秘境10101-10530_数数通过场景数映射表.xlsx|映射表|row=425,USER_APPROVED
1,10514,139,5,10514,3,第3房,102502,1021500,100,3,0,Boss房,,小秘境10101-10530_数数通过场景数映射表.xlsx|映射表|row=426,USER_APPROVED
1,10515,140,5,10515,1,第1房,102402,1021300~1021301~1021302~1021303,100~100~100~100,1,1,战斗房,,小秘境10101-10530_数数通过场景数映射表.xlsx|映射表|row=427,USER_APPROVED
1,10515,140,5,10515,2,第2房,102302,1021201~1021202~1021203~1021204,100~100~100~100,1,1,战斗房,,小秘境10101-10530_数数通过场景数映射表.xlsx|映射表|row=428,USER_APPROVED
1,10515,140,5,10515,3,第3房,102502,1021500,100,3,0,Boss房,,小秘境10101-10530_数数通过场景数映射表.xlsx|映射表|row=429,USER_APPROVED
1,10516,141,5,10516,1,第1房,101306,1012201~1012202~1012203~1012204~1012205,100~100~100~100~100,1,1,战斗房,,小秘境10101-10530_数数通过场景数映射表.xlsx|映射表|row=430,USER_APPROVED
1,10516,141,5,10516,2,第2房,101306,1012201~1012202~1012203~1012204~1012205,100~100~100~100~100,1,1,战斗房,,小秘境10101-10530_数数通过场景数映射表.xlsx|映射表|row=431,USER_APPROVED
1,10516,141,5,10516,3,第3房,101505,1012501,100,3,0,Boss房,,小秘境10101-10530_数数通过场景数映射表.xlsx|映射表|row=432,USER_APPROVED
1,10517,142,5,10517,1,第1房,101306,1012201~1012202~1012203~1012204~1012205,100~100~100~100~100,1,1,战斗房,,小秘境10101-10530_数数通过场景数映射表.xlsx|映射表|row=433,USER_APPROVED
1,10517,142,5,10517,2,第2房,101306,1012201~1012202~1012203~1012204~1012205,100~100~100~100~100,1,1,战斗房,,小秘境10101-10530_数数通过场景数映射表.xlsx|映射表|row=434,USER_APPROVED
1,10517,142,5,10517,3,第3房,101505,1012501,100,3,0,Boss房,,小秘境10101-10530_数数通过场景数映射表.xlsx|映射表|row=435,USER_APPROVED
1,10518,143,5,10518,1,第1房,101306,1012201~1012202~1012203~1012204~1012205,100~100~100~100~100,1,1,战斗房,,小秘境10101-10530_数数通过场景数映射表.xlsx|映射表|row=436,USER_APPROVED
1,10518,143,5,10518,2,第2房,101306,1012201~1012202~1012203~1012204~1012205,100~100~100~100~100,1,1,战斗房,,小秘境10101-10530_数数通过场景数映射表.xlsx|映射表|row=437,USER_APPROVED
1,10518,143,5,10518,3,第3房,101505,1012501,100,3,0,Boss房,,小秘境10101-10530_数数通过场景数映射表.xlsx|映射表|row=438,USER_APPROVED
1,10519,144,5,10519,1,第1房,101306,1012201~1012202~1012203~1012204~1012205,100~100~100~100~100,1,1,战斗房,,小秘境10101-10530_数数通过场景数映射表.xlsx|映射表|row=439,USER_APPROVED
1,10519,144,5,10519,2,第2房,101306,1012201~1012202~1012203~1012204~1012205,100~100~100~100~100,1,1,战斗房,,小秘境10101-10530_数数通过场景数映射表.xlsx|映射表|row=440,USER_APPROVED
1,10519,144,5,10519,3,第3房,101505,1012501,100,3,0,Boss房,,小秘境10101-10530_数数通过场景数映射表.xlsx|映射表|row=441,USER_APPROVED
1,10520,145,5,10520,1,第1房,101306,1012201~1012202~1012203~1012204~1012205,100~100~100~100~100,1,1,战斗房,,小秘境10101-10530_数数通过场景数映射表.xlsx|映射表|row=442,USER_APPROVED
1,10520,145,5,10520,2,第2房,101306,1012201~1012202~1012203~1012204~1012205,100~100~100~100~100,1,1,战斗房,,小秘境10101-10530_数数通过场景数映射表.xlsx|映射表|row=443,USER_APPROVED
1,10520,145,5,10520,3,第3房,101505,1012501,100,3,0,Boss房,,小秘境10101-10530_数数通过场景数映射表.xlsx|映射表|row=444,USER_APPROVED
1,10521,146,5,10521,1,第1房,102301,1020200~1020201~1020202~1020203~1020204~1020205,100~100~100~100~100~100,1,1,战斗房,,小秘境10101-10530_数数通过场景数映射表.xlsx|映射表|row=445,USER_APPROVED
1,10521,146,5,10521,2,第2房,102401,1020300~1020301~1020302~1020303,100~100~100~100,1,1,战斗房,,小秘境10101-10530_数数通过场景数映射表.xlsx|映射表|row=446,USER_APPROVED
1,10521,146,5,10521,3,第3房,102501,1020501~1020502,100~100,3,0,Boss房,,小秘境10101-10530_数数通过场景数映射表.xlsx|映射表|row=447,USER_APPROVED
1,10522,147,5,10522,1,第1房,102301,1020200~1020201~1020202~1020203~1020204~1020205,100~100~100~100~100~100,1,1,战斗房,,小秘境10101-10530_数数通过场景数映射表.xlsx|映射表|row=448,USER_APPROVED
1,10522,147,5,10522,2,第2房,102401,1020300~1020301~1020302~1020303,100~100~100~100,1,1,战斗房,,小秘境10101-10530_数数通过场景数映射表.xlsx|映射表|row=449,USER_APPROVED
1,10522,147,5,10522,3,第3房,102501,1020501~1020502,100~100,3,0,Boss房,,小秘境10101-10530_数数通过场景数映射表.xlsx|映射表|row=450,USER_APPROVED
1,10523,148,5,10523,1,第1房,102301,1020200~1020201~1020202~1020203~1020204~1020205,100~100~100~100~100~100,1,1,战斗房,,小秘境10101-10530_数数通过场景数映射表.xlsx|映射表|row=451,USER_APPROVED
1,10523,148,5,10523,2,第2房,102401,1020300~1020301~1020302~1020303,100~100~100~100,1,1,战斗房,,小秘境10101-10530_数数通过场景数映射表.xlsx|映射表|row=452,USER_APPROVED
1,10523,148,5,10523,3,第3房,102501,1020501~1020502,100~100,3,0,Boss房,,小秘境10101-10530_数数通过场景数映射表.xlsx|映射表|row=453,USER_APPROVED
1,10524,149,5,10524,1,第1房,102301,1020200~1020201~1020202~1020203~1020204~1020205,100~100~100~100~100~100,1,1,战斗房,,小秘境10101-10530_数数通过场景数映射表.xlsx|映射表|row=454,USER_APPROVED
1,10524,149,5,10524,2,第2房,102401,1020300~1020301~1020302~1020303,100~100~100~100,1,1,战斗房,,小秘境10101-10530_数数通过场景数映射表.xlsx|映射表|row=455,USER_APPROVED
1,10524,149,5,10524,3,第3房,102501,1020501~1020502,100~100,3,0,Boss房,,小秘境10101-10530_数数通过场景数映射表.xlsx|映射表|row=456,USER_APPROVED
1,10525,150,5,10525,1,第1房,102301,1020200~1020201~1020202~1020203~1020204~1020205,100~100~100~100~100~100,1,1,战斗房,,小秘境10101-10530_数数通过场景数映射表.xlsx|映射表|row=457,USER_APPROVED
1,10525,150,5,10525,2,第2房,102401,1020300~1020301~1020302~1020303,100~100~100~100,1,1,战斗房,,小秘境10101-10530_数数通过场景数映射表.xlsx|映射表|row=458,USER_APPROVED
1,10525,150,5,10525,3,第3房,102501,1020501~1020502,100~100,3,0,Boss房,,小秘境10101-10530_数数通过场景数映射表.xlsx|映射表|row=459,USER_APPROVED
1,10526,151,5,10526,1,第1房,102402,1021300~1021301~1021302~1021303,100~100~100~100,1,1,战斗房,,小秘境10101-10530_数数通过场景数映射表.xlsx|映射表|row=460,USER_APPROVED
1,10526,151,5,10526,2,第2房,102302,1021201~1021202~1021203~1021204,100~100~100~100,1,1,战斗房,,小秘境10101-10530_数数通过场景数映射表.xlsx|映射表|row=461,USER_APPROVED
1,10526,151,5,10526,3,第3房,102502,1021500,100,3,0,Boss房,,小秘境10101-10530_数数通过场景数映射表.xlsx|映射表|row=462,USER_APPROVED
1,10527,152,5,10527,1,第1房,102402,1021300~1021301~1021302~1021303,100~100~100~100,1,1,战斗房,,小秘境10101-10530_数数通过场景数映射表.xlsx|映射表|row=463,USER_APPROVED
1,10527,152,5,10527,2,第2房,102302,1021201~1021202~1021203~1021204,100~100~100~100,1,1,战斗房,,小秘境10101-10530_数数通过场景数映射表.xlsx|映射表|row=464,USER_APPROVED
1,10527,152,5,10527,3,第3房,102502,1021500,100,3,0,Boss房,,小秘境10101-10530_数数通过场景数映射表.xlsx|映射表|row=465,USER_APPROVED
1,10528,153,5,10528,1,第1房,102402,1021300~1021301~1021302~1021303,100~100~100~100,1,1,战斗房,,小秘境10101-10530_数数通过场景数映射表.xlsx|映射表|row=466,USER_APPROVED
1,10528,153,5,10528,2,第2房,102302,1021201~1021202~1021203~1021204,100~100~100~100,1,1,战斗房,,小秘境10101-10530_数数通过场景数映射表.xlsx|映射表|row=467,USER_APPROVED
1,10528,153,5,10528,3,第3房,102502,1021500,100,3,0,Boss房,,小秘境10101-10530_数数通过场景数映射表.xlsx|映射表|row=468,USER_APPROVED
1,10529,154,5,10529,1,第1房,102402,1021300~1021301~1021302~1021303,100~100~100~100,1,1,战斗房,,小秘境10101-10530_数数通过场景数映射表.xlsx|映射表|row=469,USER_APPROVED
1,10529,154,5,10529,2,第2房,102302,1021201~1021202~1021203~1021204,100~100~100~100,1,1,战斗房,,小秘境10101-10530_数数通过场景数映射表.xlsx|映射表|row=470,USER_APPROVED
1,10529,154,5,10529,3,第3房,102502,1021500,100,3,0,Boss房,,小秘境10101-10530_数数通过场景数映射表.xlsx|映射表|row=471,USER_APPROVED
1,10530,155,5,10530,1,第1房,102402,1021300~1021301~1021302~1021303,100~100~100~100,1,1,战斗房,,小秘境10101-10530_数数通过场景数映射表.xlsx|映射表|row=472,USER_APPROVED
1,10530,155,5,10530,2,第2房,102302,1021201~1021202~1021203~1021204,100~100~100~100,1,1,战斗房,,小秘境10101-10530_数数通过场景数映射表.xlsx|映射表|row=473,USER_APPROVED
1,10530,155,5,10530,3,第3房,102502,1021500,100,3,0,Boss房,,小秘境10101-10530_数数通过场景数映射表.xlsx|映射表|row=474,USER_APPROVED
